Country,Year,Total Population,Urban Population,Rural Population,Population Density,Life Expectancy,Birth Rate,Death Rate,Fertility Rate,Infant Mortality Rate,Growth Rate
Afghanistan,2017,-,-,-,55,63,37.342,7.027,5.129,49.4,-
Afghanistan,2018,"3,66,86,784","93,53,296","2,73,33,488",56,63,36.927,6.981,5.002,47.8,3
Afghanistan,2019,"3,77,69,499","97,27,157","2,80,42,342",58,64,36.466,6.791,4.87,46.3,3
Afghanistan,2020,"3,89,72,230","1,01,42,913","2,88,29,317",60,63,36.051,7.113,4.75,44.8,3
Afghanistan,2021,"4,00,99,462","1,05,51,772","2,95,47,690",-,62,35.842,7.344,4.643,43.4,3
Albania,2017,-,-,-,105,79,10.87,8.15,1.491,8.3,-
Albania,2018,"28,66,376","17,28,969","11,37,407",105,79,10.517,8.308,1.44,8.3,0
Albania,2019,"28,54,191","17,47,593","11,06,598",104,79,10.343,8.48,1.414,8.4,0
Albania,2020,"28,37,849","17,62,645","10,75,204",104,77,10.285,10.785,1.4,8.4,-1
Albania,2021,"28,11,666","17,70,478","10,41,188",-,76,10.24,11.325,1.39,8.4,-1
Algeria,2017,-,-,-,17,76,24.755,4.542,3.05,21,-
Algeria,2018,"4,19,27,007","3,04,51,166","1,14,75,841",18,76,24.074,4.482,3.023,20.6,2
Algeria,2019,"4,27,05,368","3,12,55,632","1,14,49,736",18,76,23.298,4.392,2.988,20.1,2
Algeria,2020,"4,34,51,666","3,20,38,217","1,14,13,449",18,74,22.431,5.398,2.942,19.6,2
Algeria,2021,"4,41,77,969","3,28,07,002","1,13,70,967",-,76,21.524,4.546,2.889,19.2,2
American Samoa,2018,"48,424","42,203","6,221",242,-,0,0,-,-,-2
American Samoa,2019,"47,321","41,239","6,082",237,-,0,0,-,-,-2
American Samoa,2020,"46,189","40,255","5,934",231,-,12.7,5.6,-,-,-2
American Samoa,2021,"45,035","39,257","5,778",-,-,0,0,-,-,-3
Andorra,2018,"75,013","66,058","8,955",160,-,7.2,4.4,-,2.9,2
Andorra,2019,"76,343","67,170","9,173",162,-,7,3.9,-,2.8,2
Andorra,2020,"77,700","68,311","9,389",165,-,0,0,-,2.7,2
Andorra,2021,"79,034","69,438","9,596",-,-,0,0,-,2.6,2
Angola,2017,-,-,-,24,62,40.81,8.242,5.6,53.8,-
Angola,2018,"3,12,73,533","2,04,88,542","1,07,84,991",25,62,40.236,7.99,5.519,52,3
Angola,2019,"3,23,53,588","2,14,10,634","1,09,42,954",26,62,39.725,7.811,5.442,50.4,3
Angola,2020,"3,34,28,486","2,23,38,586","1,10,89,900",27,62,39.271,7.821,5.371,48.7,3
Angola,2021,"3,45,03,774","2,32,76,246","1,12,27,528",-,62,38.809,8.009,5.304,47.2,3
Antigua And Barbuda,2017,-,-,-,207,78,11.789,5.746,1.485,6,-
Antigua And Barbuda,2018,"91,626","22,539","69,087",208,79,10.816,5.787,1.371,5.7,1
Antigua And Barbuda,2019,"92,117","22,574","69,543",209,79,11.485,5.865,1.468,5.5,1
Antigua And Barbuda,2020,"92,664","22,641","70,023",211,79,12.16,5.961,1.569,5.3,1
Antigua And Barbuda,2021,"93,219","22,727","70,492",-,78,12.115,6.365,1.58,5.2,1
Argentina,2017,-,-,-,16,77,16.206,7.692,2.168,9.1,-
Argentina,2018,"4,44,94,502","4,08,77,099","36,17,403",16,77,15.187,7.68,2.039,8.4,1
Argentina,2019,"4,49,38,712","4,13,39,571","35,99,141",16,77,14.783,7.6,1.994,7.6,1
Argentina,2020,"4,53,76,763","4,17,96,990","35,79,773",17,76,14.125,8.509,1.911,6.8,1
Argentina,2021,"4,58,08,747","4,22,48,949","35,59,798",-,75,13.902,8.955,1.885,6.1,1
Armenia,2017,-,-,-,100,75,13.606,9.664,1.562,11.6,-
Armenia,2018,"28,36,557","17,91,257","10,45,300",100,75,13.307,9.75,1.572,11.1,-1
Armenia,2019,"28,20,602","17,83,156","10,37,446",99,75,12.892,9.662,1.575,10.5,-1
Armenia,2020,"28,05,608","17,76,315","10,29,293",99,72,12.455,12.792,1.575,10,-1
Armenia,2021,"27,90,974","17,70,343","10,20,631",-,72,12.049,13.007,1.575,9.5,-1
Aruba,2017,-,-,-,586,76,11.53,8.414,1.839,-,-
Aruba,2018,"1,05,962","45,999","59,963",589,76,9.881,8.597,1.587,-,0
Aruba,2019,"1,06,442","46,351","60,091",591,76,9.138,8.778,1.486,-,0
Aruba,2020,"1,06,585","46,574","60,011",592,76,8.102,9.69,1.325,-,0
Aruba,2021,"1,06,537","46,734","59,803",-,75,7.193,11.235,1.18,-,0
Australia,2017,-,-,-,3,83,12.6,6.5,1.741,3.2,-
Australia,2018,"2,49,66,643","2,14,74,309","34,92,334",3,83,12.6,6.3,1.74,3.2,2
Australia,2019,"2,53,40,217","2,18,24,008","35,16,209",3,83,12.1,6.7,1.657,3.2,1
Australia,2020,"2,56,55,289","2,21,25,378","35,29,911",3,83,11.5,6.3,1.581,3.2,1
Australia,2021,"2,56,88,079","2,21,84,739","35,03,340",-,83,12.1,6.7,1.7,3.2,0
Austria,2017,-,-,-,107,82,10,9.5,1.52,2.9,-
Austria,2018,"88,40,521","51,53,759","36,86,762",107,82,9.7,9.5,1.47,2.9,0
Austria,2019,"88,79,920","51,96,085","36,83,835",108,82,9.6,9.4,1.46,2.9,0
Austria,2020,"89,16,864","52,38,479","36,78,385",108,81,9.4,10.3,1.44,3,0
Austria,2021,"89,55,797","52,83,472","36,72,325",-,81,9.6,10.3,1.48,3,0
Azerbaijan,2017,-,-,-,119,72,14.6,5.8,1.75,20.4,-
Azerbaijan,2018,"99,39,771","55,34,464","44,05,307",120,73,14,5.8,1.73,19.2,1
Azerbaijan,2019,"1,00,24,283","56,16,706","44,07,577",121,73,14.1,5.6,1.81,18.2,1
Azerbaijan,2020,"1,00,93,121","56,92,217","44,00,904",122,67,12.5,7.5,1.7,17.4,1
Azerbaijan,2021,"1,01,37,750","57,55,809","43,81,941",-,69,11.1,7.6,1.52,16.6,0
Bahamas,2017,-,-,-,40,74,11.653,6.84,1.426,11.8,-
Bahamas,2018,"4,01,906","3,33,682","68,224",40,74,11.566,6.935,1.412,11.7,1
Bahamas,2019,"4,04,557","3,36,316","68,241",40,71,11.487,7.943,1.398,15.4,1
Bahamas,2020,"4,06,471","3,38,367","68,104",41,73,11.49,8.076,1.394,11.5,0
Bahamas,2021,"4,07,906","3,40,051","67,855",-,72,11.445,8.986,1.389,11.4,0
Bahrain,2017,-,-,-,"1,868",80,14.506,2.039,2.006,6.2,-
Bahrain,2018,"14,87,340","13,28,001","1,59,339","1,907",80,13.818,1.992,1.93,6.1,2
Bahrain,2019,"14,94,188","13,35,714","1,58,474","1,908",80,13.198,2,1.857,6.1,0
Bahrain,2020,"14,77,469","13,22,423","1,55,046","1,882",79,12.621,2.239,1.832,6,-1
Bahrain,2021,"14,63,265","13,11,407","1,51,858",-,79,11.926,2.479,1.811,5.9,-1
Bangladesh,2017,-,-,-,"1,243",72,18.495,5.442,2.043,28.1,-
Bangladesh,2018,"16,36,83,958","5,99,60,707","10,37,23,251","1,257",73,18.462,5.241,2.04,26.7,1
Bangladesh,2019,"16,55,16,222","6,19,11,343","10,36,04,879","1,272",73,18.35,5.28,2.031,25.3,1
Bangladesh,2020,"16,74,20,951","6,39,16,296","10,35,04,655","1,286",72,18.053,5.816,2.003,24.1,1
Bangladesh,2021,"16,93,56,251","6,59,57,486","10,33,98,765",-,72,17.821,5.68,1.981,22.9,1
Barbados,2017,-,-,-,649,77,10.952,8.85,1.615,12.5,-
Barbados,2018,"2,79,688","87,114","1,92,574",650,77,10.913,8.927,1.619,12.1,0
Barbados,2019,"2,80,180","87,298","1,92,882",652,77,10.885,8.91,1.623,11.7,0
Barbados,2020,"2,80,693","87,551","1,93,142",653,77,10.859,8.973,1.628,11.4,0
Barbados,2021,"2,81,200","87,864","1,93,336",-,78,10.832,9.007,1.633,11.1,0
Belarus,2017,-,-,-,47,74,10.8,12.6,1.541,2.7,-
Belarus,2018,"94,38,785","74,18,413","20,20,372",47,74,9.9,12.7,1.448,2.5,0
Belarus,2019,"94,19,758","74,45,754","19,74,004",46,74,9.3,12.8,1.382,2.4,0
Belarus,2020,"93,79,952","74,55,467","19,24,485",46,72,9.47,16.553,1.474,2.2,0
Belarus,2021,"93,02,585","74,33,696","18,68,889",-,72,9.283,16.544,1.483,2.1,-1
Belgium,2017,-,-,-,376,81,10.5,9.6,1.65,3.4,-
Belgium,2018,"1,14,27,054","1,11,98,627","2,28,427",377,82,10.4,9.7,1.62,3.4,0
Belgium,2019,"1,14,88,980","1,12,63,911","2,25,069",379,82,10.2,9.5,1.6,3.4,1
Belgium,2020,"1,15,38,604","1,13,16,947","2,21,657",381,81,9.9,11,1.55,3.4,0
Belgium,2021,"1,15,92,952","1,13,74,657","2,18,295",-,82,10.2,9.7,1.6,3.4,0
Belize,2017,-,-,-,16,74,21.129,4.712,2.36,11.8,-
Belize,2018,"3,82,066","1,74,696","2,07,370",17,74,21.015,4.74,2.345,11.2,2
Belize,2019,"3,89,095","1,78,462","2,10,633",17,74,18.886,4.727,2.106,10.6,2
Belize,2020,"3,94,921","1,81,762","2,13,159",17,73,17.881,5.244,1.999,10.1,1
Belize,2021,"4,00,031","1,84,818","2,15,213",-,70,17.976,6.353,2.01,9.6,1
Benin,2017,-,-,-,103,60,38.678,9.592,5.269,60.8,-
Benin,2018,"1,19,40,683","56,49,376","62,91,307",106,60,38.186,9.428,5.199,59.5,3
Benin,2019,"1,22,90,444","58,82,329","64,08,115",109,60,37.675,9.248,5.13,58,3
Benin,2020,"1,26,43,123","61,21,168","65,21,955",112,60,37.114,9.364,5.048,56.6,3
Benin,2021,"1,29,96,895","63,64,839","66,32,056",-,60,36.608,9.434,4.973,55.2,3
Bermuda,2017,-,-,-,"1,183",82,9,7.5,1.4,-,-
Bermuda,2018,"63,918","63,918",-,"1,184",81,8.3,8.3,1.3,-,0
Bermuda,2019,"63,911","63,911",-,"1,184",81,8.2,8.4,1.3,-,0
Bermuda,2020,"63,893","63,893",-,"1,183",81,8.4,8.8,1.4,-,0
Bermuda,2021,"63,764","63,764",-,-,79,7.7,11.3,1.3,-,0
Bhutan,2017,-,-,-,20,71,14.912,6.94,1.704,25.5,-
Bhutan,2018,"7,62,096","3,11,659","4,50,437",20,71,13.789,6.766,1.569,24.7,1
Bhutan,2019,"7,67,459","3,19,355","4,48,104",20,71,12.871,6.626,1.46,23.9,1
Bhutan,2020,"7,72,506","3,26,894","4,45,612",20,72,12.65,6.545,1.433,23.1,1
Bhutan,2021,"7,77,486","3,34,381","4,43,105",-,72,12.482,6.477,1.413,22.5,1
Bolivia,2017,-,-,-,11,68,22.986,7.107,2.777,23.5,-
Bolivia,2018,"1,16,06,905","80,58,094","35,48,811",11,68,22.634,7.124,2.73,22.6,1
Bolivia,2019,"1,17,77,315","82,17,386","35,59,929",11,68,22.323,7.127,2.688,21.7,1
Bolivia,2020,"1,19,36,162","83,69,995","35,66,167",11,64,22.056,9.3,2.651,20.9,1
Bolivia,2021,"1,20,79,472","85,13,008","35,66,464",-,64,21.836,9.945,2.618,20.2,1
Bosnia,2017,-,-,-,67,77,9.02,11.842,1.355,5.3,-
Bosnia,2018,"34,00,129","16,40,392","17,59,737",66,77,9.067,12.056,1.384,5.2,-1
Bosnia,2019,"33,60,711","16,34,179","17,26,532",66,77,8.819,12.266,1.368,5.1,-1
Bosnia,2020,"33,18,407","16,26,683","16,91,724",65,76,8.611,14.094,1.359,5,-1
Bosnia,2021,"32,70,943","16,16,664","16,54,279",-,75,8.42,15.712,1.35,4.8,-1
Botswana,2017,-,-,-,4,67,25.672,6.308,2.91,32.3,-
Botswana,2018,"24,51,409","17,02,405","7,49,004",4,65,25.328,6.922,2.903,30.9,2
Botswana,2019,"24,99,702","17,54,091","7,45,611",4,65,24.887,6.974,2.883,29.9,2
Botswana,2020,"25,46,402","18,04,813","7,41,589",4,66,24.195,6.95,2.836,29,2
Botswana,2021,"25,88,423","18,52,275","7,36,148",-,61,23.576,9.461,2.791,28.3,2
Brazil,2017,-,-,-,25,75,14.159,6.493,1.736,13.8,-
Brazil,2018,"21,01,66,592","18,19,39,117","2,82,27,475",25,75,14.133,6.516,1.749,13.5,1
Brazil,2019,"21,17,82,878","18,38,78,366","2,79,04,512",25,75,13.633,6.572,1.703,13.4,1
Brazil,2020,"21,31,96,304","18,56,36,418","2,75,59,886",26,74,13.078,7.42,1.649,13.1,1
Brazil,2021,"21,43,26,223","18,71,43,228","2,71,82,995",-,73,12.883,8.326,1.641,12.9,1
British Virgin Islands,2017,-,-,-,200,75,6.847,6.143,0.872,11.3,-
British Virgin Islands,2018,"30,335","14,477","15,858",202,76,7.114,5.988,0.917,10.9,1
British Virgin Islands,2019,"30,610","14,728","15,882",204,76,7.29,6.156,0.948,10.6,1
British Virgin Islands,2020,"30,910","14,996","15,914",206,76,7.448,6.38,0.976,10.3,1
British Virgin Islands,2021,"31,122","15,225","15,897",-,74,7.634,7.613,1.005,9.9,1
Brunei,2017,-,-,-,82,75,15.544,4.556,1.881,9.2,-
Brunei,2018,"4,34,274","3,37,123","97,151",82,75,15.05,4.7,1.848,9.4,1
Brunei,2019,"4,38,048","3,41,423","96,625",83,75,14.585,4.834,1.819,9.5,1
Brunei,2020,"4,41,725","3,45,650","96,075",84,75,14.165,4.975,1.796,9.6,1
Brunei,2021,"4,45,373","3,49,858","95,515",-,75,13.8,5.211,1.778,9.6,1
Bulgaria,2017,-,-,-,65,75,9,15.5,1.56,6.1,-
Bulgaria,2018,"70,25,037","52,69,340","17,55,697",65,75,8.9,15.4,1.56,5.8,-1
Bulgaria,2019,"69,75,761","52,56,027","17,19,734",64,75,8.8,15.5,1.58,5.6,-1
Bulgaria,2020,"69,34,015","52,48,079","16,85,936",64,74,8.5,18,1.56,5.4,-1
Bulgaria,2021,"68,77,743","52,28,804","16,48,939",-,72,8.5,21.7,1.58,5.3,-1
Burkina Faso,2017,-,-,-,72,60,37.898,9.113,5.162,56.9,-
Burkina Faso,2018,"2,03,92,723","59,86,896","1,44,05,827",75,60,37.294,8.809,5.069,55.6,3
Burkina Faso,2019,"2,09,51,639","62,81,301","1,46,70,338",77,60,36.689,8.75,4.971,54.2,3
Burkina Faso,2020,"2,15,22,626","65,87,430","1,49,35,196",79,60,36.085,8.813,4.869,53,3
Burkina Faso,2021,"2,21,00,683","69,04,253","1,51,96,430",-,59,35.541,8.958,4.772,51.8,3
Burundi,2017,-,-,-,434,62,38.124,7.772,5.481,42.9,-
Burundi,2018,"1,14,93,472","14,97,829","99,95,643",448,62,37.011,7.648,5.38,41.3,3
Burundi,2019,"1,18,74,838","15,87,191","1,02,87,647",462,62,36.323,7.352,5.271,40,3
Burundi,2020,"1,22,20,227","16,75,149","1,05,45,078",476,62,35.603,7.562,5.177,38.8,3
Burundi,2021,"1,25,51,213","17,64,450","1,07,86,763",-,62,34.842,7.474,5.078,37.6,3
Cabo Verde,2017,-,-,-,140,77,19.006,4.868,2.091,14.6,-
Cabo Verde,2018,"5,71,202","3,75,462","1,95,740",142,76,17.821,5.275,1.964,13.7,1
Cabo Verde,2019,"5,77,030","3,81,965","1,95,065",143,76,17.463,5.162,1.932,12.9,1
Cabo Verde,2020,"5,82,640","3,88,341","1,94,299",145,75,17.158,5.692,1.908,12.2,1
Cabo Verde,2021,"5,87,925","3,94,509","1,93,416",-,74,16.951,6.028,1.896,11.7,1
Cambodia,2017,-,-,-,90,71,21.348,5.775,2.473,24.9,-
Cambodia,2018,"1,60,25,238","37,47,983","1,22,77,255",91,71,20.805,5.874,2.435,23.9,1
Cambodia,2019,"1,62,07,746","38,58,254","1,23,49,492",92,71,20.28,5.947,2.402,23,1
Cambodia,2020,"1,63,96,860","39,73,287","1,24,23,573",93,70,19.849,6.228,2.381,22.1,1
Cambodia,2021,"1,65,89,023","40,92,180","1,24,96,843",-,70,19.334,6.838,2.344,21.3,1
Cameroon,2017,-,-,-,52,61,37.403,8.594,4.774,53.2,-
Cameroon,2018,"2,50,76,747","1,41,36,765","1,09,39,982",53,61,36.716,8.379,4.694,51.5,3
Cameroon,2019,"2,57,82,341","1,46,87,684","1,10,94,657",55,62,36.147,8.16,4.623,50.1,3
Cameroon,2020,"2,64,91,087","1,52,48,270","1,12,42,817",56,61,35.507,8.419,4.543,48.5,3
Cameroon,2021,"2,71,98,628","1,58,15,458","1,13,83,170",-,60,34.938,8.582,4.463,47,3
Canada,2017,-,-,-,4,82,10.3,7.5,1.55,4.6,-
Canada,2018,"3,70,65,084","3,01,75,056","68,90,028",4,82,10.1,7.7,1.51,4.6,1
Canada,2019,"3,76,01,230","3,06,38,234","69,62,996",4,82,9.9,7.6,1.47,4.5,1
Canada,2020,"3,80,07,166","3,09,99,405","70,07,761",4,82,9.5,8.1,1.41,4.5,1
Canada,2021,"3,82,26,498","3,12,13,082","70,13,416",-,83,9.6,7.8,1.43,4.4,1
Cayman Islands,2018,"64,884","64,884",-,270,-,9.9,3.3,-,-,2
Cayman Islands,2019,"66,134","66,134",-,276,-,9.8,3.9,-,-,2
Cayman Islands,2020,"67,311","67,311",-,280,-,12.6,3.3,-,-,2
Cayman Islands,2021,"68,136","68,136",-,-,-,12.4,4,-,-,1
Central African Republic,2017,-,-,-,8,54,41.602,11.544,6.048,81.7,-
Central African Republic,2018,"50,94,780","21,07,405","29,87,375",8,54,41.831,11.23,6.037,80.3,2
Central African Republic,2019,"52,09,324","21,75,935","30,33,389",8,55,41.92,10.873,6.008,78.6,2
Central African Republic,2020,"53,43,020","22,54,648","30,88,372",9,55,42.175,11.041,5.985,77.2,3
Central African Republic,2021,"54,57,154","23,27,367","31,29,787",-,54,42.68,11.393,5.978,75.4,2
Chad,2017,-,-,-,12,52,44.811,13.043,6.537,72.7,-
Chad,2018,"1,56,04,210","35,98,175","1,20,06,035",12,53,44.37,12.671,6.464,71,3
Chad,2019,"1,61,26,866","37,54,173","1,23,72,693",13,53,44.229,12.369,6.412,69.3,3
Chad,2020,"1,66,44,701","39,14,834","1,27,29,867",13,53,43.849,12.486,6.346,67.6,3
Chad,2021,"1,71,79,740","40,85,514","1,30,94,226",-,53,43.357,12.504,6.255,66,3
Channel Islands,2018,"1,67,259","51,706","1,15,553",-,81,9.662,8.717,1.435,-,1
Channel Islands,2019,"1,69,410","52,400","1,17,010",-,81,9.834,8.547,1.441,-,1
Channel Islands,2020,"1,71,113","52,982","1,18,131",-,81,10.011,8.474,1.447,-,1
Channel Islands,2021,"1,72,683","53,552","1,19,131",-,81,10.117,8.449,1.457,-,1
Chile,2017,-,-,-,25,80,12.13,6.139,1.598,6.5,-
Chile,2018,"1,87,01,450","1,63,75,738","23,25,712",25,80,11.94,6.327,1.564,6.3,2
Chile,2019,"1,90,39,485","1,66,86,776","23,52,709",26,80,11.855,6.346,1.545,6.1,2
Chile,2020,"1,93,00,315","1,69,31,587","23,68,728",26,79,11.834,7.221,1.537,5.9,1
Chile,2021,"1,94,93,184","1,71,18,329","23,74,855",-,79,11.788,7.426,1.537,5.6,1
China,2017,-,-,-,148,77,12.64,7.06,1.813,7,-
China,2018,"1,40,27,60,000","82,97,60,595","57,29,99,405",149,78,10.86,7.08,1.554,6.4,0
China,2019,"1,40,77,45,000","84,89,82,855","55,87,62,145",149,78,10.41,7.09,1.496,5.9,0
China,2020,"1,41,11,00,000","86,68,10,508","54,42,89,492",150,78,8.52,7.07,1.281,5.5,0
China,2021,"1,41,23,60,000","88,28,94,483","52,94,65,517",-,78,7.52,7.18,1.164,5.1,0
Colombia,2017,-,-,-,44,77,15.081,5.249,1.818,12.6,-
Colombia,2018,"4,92,76,961","3,98,04,944","94,72,017",44,77,14.841,5.311,1.787,12.2,2
Colombia,2019,"5,01,87,406","4,07,03,994","94,83,412",45,77,14.682,5.411,1.765,11.8,2
Colombia,2020,"5,09,30,662","4,14,70,292","94,60,370",46,75,14.435,6.606,1.737,11.4,1
Colombia,2021,"5,15,16,562","4,21,09,638","94,06,924",-,73,14.204,7.735,1.717,11.1,1
Comoros,2017,-,-,-,409,64,31.33,8.326,4.278,44.3,-
Comoros,2018,"7,76,313","2,24,859","5,51,454",417,64,30.859,8.235,4.196,42.9,2
Comoros,2019,"7,90,986","2,30,683","5,60,303",425,64,30.4,8.203,4.125,41.6,2
Comoros,2020,"8,06,166","2,36,852","5,69,314",433,64,29.896,8.274,4.052,40.4,2
Comoros,2021,"8,21,625","2,43,308","5,78,317",-,63,29.398,8.718,3.978,39.3,2
Costa Rica,2017,-,-,-,98,79,13.926,5.18,1.74,7.5,-
Costa Rica,2018,"50,40,734","39,99,318","10,41,416",99,79,13.562,5.276,1.709,7.4,1
Costa Rica,2019,"50,84,532","40,71,490","10,13,042",100,79,12.847,5.468,1.632,7.2,1
Costa Rica,2020,"51,23,105","41,37,983","9,85,122",100,79,12.152,5.627,1.555,6.7,1
Costa Rica,2021,"51,53,957","41,96,609","9,57,348",-,77,11.873,7.192,1.533,6.2,1
Croatia,2017,-,-,-,74,78,8.9,13,1.42,4.1,-
Croatia,2018,"40,87,843","23,27,904","17,59,939",73,78,9,12.9,1.47,4,-1
Croatia,2019,"40,65,253","23,27,032","17,38,221",73,78,8.9,12.7,1.47,4,-1
Croatia,2020,"40,47,680","23,29,561","17,18,119",72,78,8.9,14.1,1.48,4,0
Croatia,2021,"38,79,000","22,45,088","16,33,912",-,76,9.4,16.2,1.62,3.9,-4
Cuba,2017,-,-,-,109,78,10.182,9.622,1.593,4.3,-
Cuba,2018,"1,13,28,244","87,26,939","26,01,305",109,77,10.348,9.815,1.631,4.2,0
Cuba,2019,"1,13,16,697","87,26,192","25,90,505",109,78,9.752,9.861,1.551,4.2,0
Cuba,2020,"1,13,00,698","87,23,461","25,77,237",109,78,9.344,10.23,1.5,4.1,0
Cuba,2021,"1,12,56,372","87,00,275","25,56,097",-,74,8.922,14.652,1.442,4,0
Curacao,2017,-,-,-,361,78,9.7,8.9,1.5,-,-
Curacao,2018,"1,59,336","1,42,040","17,296",359,0,10.5,8.8,1.7,-,-1
Curacao,2019,"1,57,441","1,40,277","17,164",355,0,10.1,8.8,1.6,-,-1
Curacao,2020,"1,54,947","1,37,999","16,948",349,0,8.7,9.3,1.4,-,-2
Curacao,2021,"1,52,369","1,35,666","16,703",-,0,8.6,11.1,1.384,-,-2
Cyprus,2017,-,-,-,131,81,10.994,6.453,1.322,2.3,-
Cyprus,2018,"12,18,831","8,14,301","4,04,530",132,81,10.843,6.612,1.32,2.3,1
Cyprus,2019,"12,28,836","8,20,924","4,07,912",133,81,10.794,6.769,1.332,2.3,1
Cyprus,2020,"12,37,537","8,26,935","4,10,602",134,81,10.583,6.93,1.328,2.3,1
Cyprus,2021,"12,44,188","8,31,814","4,12,374",-,81,10.313,7.257,1.321,2.3,1
Czech Republic,2017,-,-,-,137,79,10.8,10.5,1.69,2.6,-
Czech Republic,2018,"1,06,29,928","78,44,036","27,85,892",138,79,10.7,10.6,1.71,2.5,0
Czech Republic,2019,"1,06,71,870","78,88,753","27,83,117",138,79,10.5,10.5,1.71,2.4,0
Czech Republic,2020,"1,06,97,858","79,22,941","27,74,917",139,78,10.3,12.1,1.71,2.3,0
Czech Republic,2021,"1,05,05,772","77,96,754","27,09,018",-,77,10.6,13.3,1.83,2.2,-2
Democratic Republic Of Congo,2017,-,-,-,37,59,43.251,9.865,6.349,69.5,-
Democratic Republic Of Congo,2018,"8,70,87,355","3,87,19,038","4,83,68,317",38,60,42.989,9.573,6.302,67.6,3
Democratic Republic Of Congo,2019,"8,99,06,890","4,04,99,458","4,94,07,432",40,60,42.656,9.38,6.253,65.9,3
Democratic Republic Of Congo,2020,"9,28,53,164","4,23,76,327","5,04,76,837",41,60,42.311,9.537,6.206,64.1,3
Democratic Republic Of Congo,2021,"9,58,94,118","4,43,36,645","5,15,57,473",-,59,42.049,9.7,6.156,62.4,3
Denmark,2017,-,-,-,144,81,10.6,9.2,1.75,3.4,-
Denmark,2018,"57,93,636","50,91,100","7,02,536",145,81,10.6,9.5,1.73,3.3,0
Denmark,2019,"58,14,422","51,16,342","6,98,080",145,81,10.5,9.3,1.7,3.3,0
Denmark,2020,"58,31,404","51,38,400","6,93,004",146,82,10.4,9.4,1.68,3.2,0
Denmark,2021,"58,56,733","51,67,981","6,88,752",-,81,10.8,9.8,1.72,3.1,0
Djibouti,2017,-,-,-,45,63,23.276,8.37,2.972,51.7,-
Djibouti,2018,"10,57,198","8,22,257","2,34,941",46,63,22.982,8.347,2.929,50.3,2
Djibouti,2019,"10,73,994","8,36,802","2,37,192",46,63,22.748,8.421,2.891,48.7,2
Djibouti,2020,"10,90,156","8,50,998","2,39,158",47,63,22.477,8.821,2.848,47.2,1
Djibouti,2021,"11,05,557","8,64,734","2,40,823",-,62,22.205,9.147,2.804,45.9,1
Dominica,2017,-,-,-,94,68,13.13,11.455,1.629,29.8,-
Dominica,2018,"70,823","49,918","20,905",94,74,13.191,8.417,1.617,30.7,1
Dominica,2019,"71,428","50,561","20,867",95,74,13.272,8.369,1.611,31.3,1
Dominica,2020,"71,995","51,181","20,814",96,74,13.301,8.177,1.597,31.7,1
Dominica,2021,"72,412","51,699","20,713",-,73,13.326,8.986,1.595,32,1
Dominican Republic,2017,-,-,-,220,73,19.993,6.032,2.39,28.8,-
Dominican Republic,2018,"1,07,65,531","87,28,047","20,37,484",223,73,19.762,6.06,2.381,28.6,1
Dominican Republic,2019,"1,08,81,882","89,04,426","19,77,456",225,74,19.291,6.006,2.344,28.3,1
Dominican Republic,2020,"1,09,99,664","90,79,123","19,20,541",228,73,18.78,6.46,2.303,27.8,1
Dominican Republic,2021,"1,11,17,873","92,51,516","18,66,357",-,73,18.432,6.678,2.273,27.3,1
Ecuador,2017,-,-,-,67,77,17.996,4.872,2.174,12.4,-
Ecuador,2018,"1,70,15,672","1,08,59,572","61,56,100",69,77,17.658,4.911,2.133,12,2
Ecuador,2019,"1,73,43,740","1,10,97,565","62,46,175",70,77,17.338,4.913,2.088,11.5,2
Ecuador,2020,"1,75,88,595","1,12,85,898","63,02,697",71,72,17.037,7.534,2.051,11.1,1
Ecuador,2021,"1,77,97,737","1,14,54,802","63,42,935",-,74,16.817,6.719,2.026,10.7,1
Egypt,2017,-,-,-,102,71,25.231,5.482,3.151,18.6,-
Egypt,2018,"10,37,40,765","4,43,01,456","5,94,39,309",104,71,24.562,5.511,3.098,17.9,2
Egypt,2019,"10,56,18,671","4,51,30,858","6,04,87,813",106,71,23.568,5.581,3.001,17.3,2
Egypt,2020,"10,74,65,134","4,59,76,808","6,14,88,326",108,71,23.051,5.851,2.96,16.8,2
Egypt,2021,"10,92,62,178","4,68,31,955","6,24,30,223",-,70,22.558,6.327,2.917,16.2,2
El Salvador,2017,-,-,-,302,72,16.974,6.857,1.896,12.3,-
El Salvador,2018,"62,76,342","45,20,410","17,55,932",303,73,16.536,6.938,1.849,11.9,0
El Salvador,2019,"62,80,217","45,68,607","17,11,610",303,73,16.416,7.451,1.838,11.5,0
El Salvador,2020,"62,92,731","46,21,633","16,71,098",304,71,16.188,8.442,1.819,11.1,0
El Salvador,2021,"63,14,167","46,79,934","16,34,233",-,71,16.025,8.661,1.803,10.7,0
Equatorial Guinea,2017,-,-,-,52,61,33.507,9.096,4.599,64.1,-
Equatorial Guinea,2018,"15,02,091","10,83,654","4,18,437",54,61,32.667,8.85,4.513,62.2,3
Equatorial Guinea,2019,"15,53,031","11,27,920","4,25,111",55,62,31.874,8.582,4.429,60.4,3
Equatorial Guinea,2020,"15,96,049","11,66,712","4,29,337",57,61,31.174,9.026,4.346,58.8,3
Equatorial Guinea,2021,"16,34,466","12,02,330","4,32,136",-,61,30.498,9.042,4.266,57.2,2
Eritrea,2017,-,-,-,28,67,29.421,6.504,4.112,32.2,-
Eritrea,2018,"34,45,374","13,80,906","20,64,468",28,67,29.105,6.353,4.056,31.4,1
Eritrea,2019,"34,98,818","14,24,439","20,74,379",29,67,28.941,6.309,3.997,30.5,2
Eritrea,2020,"35,55,868","14,70,245","20,85,623",29,67,28.706,6.424,3.933,29.7,2
Eritrea,2021,"36,20,312","15,19,988","21,00,324",-,67,28.624,6.729,3.867,28.9,2
Estonia,2017,-,-,-,31,78,10.5,11.8,1.59,2.1,-
Estonia,2018,"13,21,977","9,10,578","4,11,399",31,78,10.9,11.9,1.67,1.9,0
Estonia,2019,"13,26,898","9,16,236","4,10,662",31,79,10.6,11.6,1.66,1.8,0
Estonia,2020,"13,29,522","9,20,415","4,09,107",31,79,9.9,11.9,1.58,1.7,0
Estonia,2021,"13,30,932","9,23,866","4,07,066",-,77,10,14,1.61,1.6,0
Eswatini,2017,-,-,-,67,58,26.408,9.936,3.015,49,-
Eswatini,2018,"11,60,428","2,76,170","8,84,258",67,59,25.718,9.324,2.962,45.4,1
Eswatini,2019,"11,69,613","2,80,485","8,89,128",68,61,25.118,8.923,2.921,43.9,1
Eswatini,2020,"11,80,655","2,85,376","8,95,279",69,60,24.615,9.603,2.89,44.2,1
Eswatini,2021,"11,92,271","2,90,545","9,01,726",-,57,24.134,11.356,2.839,41.5,1
Ethiopia,2017,-,-,-,96,65,33.059,6.767,4.39,39.6,-
Ethiopia,2018,"11,11,29,438","2,30,73,805","8,80,55,633",98,65,32.996,6.569,4.343,38,3
Ethiopia,2019,"11,41,20,594","2,42,22,096","8,98,98,498",101,66,33.123,6.439,4.323,36.6,3
Ethiopia,2020,"11,71,90,911","2,54,24,568","9,17,66,343",104,65,32.78,6.616,4.243,35.4,3
Ethiopia,2021,"12,02,83,026","2,66,71,558","9,36,11,468",-,65,32.383,6.776,4.159,34.3,3
Faroe Islands,2017,-,-,-,36,82,13.1,8.9,2.479,-,-
Faroe Islands,2018,"50,955","21,434","29,521",37,83,13.4,7.7,2.501,-,1
Faroe Islands,2019,"51,681","21,822","29,859",37,83,13.2,8,2.408,-,1
Faroe Islands,2020,"52,415","22,223","30,192",38,83,12.9,7,2.323,-,1
Faroe Islands,2021,"52,889","22,522","30,367",-,83,12.8,8.1,2.293,-,1
Fiji,2017,-,-,-,50,68,20.55,7.703,2.557,21.6,-
Fiji,2018,"9,18,996","5,16,917","4,02,079",50,68,20.187,7.832,2.53,22.1,0
Fiji,2019,"9,18,465","5,21,229","3,97,236",50,68,19.962,7.941,2.519,22.6,0
Fiji,2020,"9,20,422","5,26,914","3,93,508",50,68,19.628,8.078,2.495,23.1,0
Fiji,2021,"9,24,610","5,33,870","3,90,740",-,67,19.345,8.859,2.475,23.3,0
Finland,2017,-,-,-,18,82,9.1,9.8,1.49,1.9,-
Finland,2018,"55,15,525","47,09,266","8,06,259",18,82,8.6,9.9,1.41,1.9,0
Finland,2019,"55,21,606","47,17,991","8,03,615",18,82,8.3,9.8,1.35,1.9,0
Finland,2020,"55,29,543","47,28,699","8,00,844",18,82,8.4,10,1.37,1.8,0
Finland,2021,"55,41,017","47,42,889","7,98,128",-,82,9,10.4,1.46,1.8,0
France,2017,-,-,-,122,83,11.5,9.1,1.89,3.3,-
France,2018,"6,71,58,348","5,40,24,861","1,31,33,487",123,83,11.3,9.1,1.87,3.4,0
France,2019,"6,73,88,001","5,43,88,182","1,29,99,819",123,83,11.2,9.1,1.86,3.4,0
France,2020,"6,75,71,107","5,47,15,704","1,28,55,403",123,82,10.9,9.9,1.83,3.4,0
France,2021,"6,77,49,632","5,50,41,156","1,27,08,476",-,82,10.9,9.7,1.83,3.4,0
French Polynesia,2017,-,-,-,85,83,14.015,3.219,1.804,-,-
French Polynesia,2018,"2,97,606","1,84,022","1,13,584",86,83,13.777,3.31,1.789,-,1
French Polynesia,2019,"2,99,717","1,85,516","1,14,201",86,83,13.088,3.391,1.712,-,1
French Polynesia,2020,"3,01,920","1,87,115","1,14,805",87,82,12.924,3.859,1.705,-,1
French Polynesia,2021,"3,04,032","1,88,701","1,15,331",-,79,12.759,5.376,1.699,-,1
Gabon,2017,-,-,-,8,66,29.713,7.054,3.752,33.2,-
Gabon,2018,"21,92,012","19,59,001","2,33,011",9,66,29.004,6.986,3.679,32.2,2
Gabon,2019,"22,42,785","20,12,698","2,30,087",9,67,28.354,6.856,3.615,31.2,2
Gabon,2020,"22,92,573","20,65,425","2,27,148",9,67,27.695,6.909,3.548,29.8,2
Gabon,2021,"23,41,179","21,16,964","2,24,215",-,66,27.142,7.258,3.491,29.4,2
Gambia,2017,-,-,-,235,63,35.743,7.396,5.091,37.7,-
Gambia,2018,"24,44,916","14,98,000","9,46,916",242,63,34.924,7.323,4.972,36.7,3
Gambia,2019,"25,08,883","15,53,776","9,55,107",248,64,34.281,6.999,4.869,35.8,3
Gambia,2020,"25,73,995","16,10,858","9,63,137",254,63,33.719,7.373,4.777,34.9,3
Gambia,2021,"26,39,916","16,69,008","9,70,908",-,62,33.257,7.543,4.684,34,3
Georgia,2017,-,-,-,65,74,14.856,12.603,2.144,8.9,-
Georgia,2018,"37,26,549","21,84,950","15,41,599",65,73,14.395,12.963,2.114,8.8,0
Georgia,2019,"37,20,161","21,96,346","15,23,815",65,73,13.451,12.88,2.011,8.6,0
Georgia,2020,"37,22,716","22,13,266","15,09,450",65,73,12.966,13.976,1.971,8.5,0
Georgia,2021,"37,08,610","22,20,419","14,88,191",-,72,13.412,15.166,2.081,8.4,0
Germany,2017,-,-,-,237,81,9.5,11.3,1.57,3.3,-
Germany,2018,"8,29,05,782","6,40,96,118","1,88,09,664",237,81,9.5,11.5,1.57,3.2,0
Germany,2019,"8,30,92,962","6,42,94,010","1,87,98,952",238,81,9.4,11.3,1.54,3.2,0
Germany,2020,"8,31,60,871","6,44,10,589","1,87,50,282",238,81,9.3,11.9,1.53,3.1,0
Germany,2021,"8,31,96,078","6,45,13,567","1,86,82,511",-,81,9.6,12.3,1.58,3,0
Ghana,2017,-,-,-,133,64,28.978,7.39,3.713,36.7,-
Ghana,2018,"3,08,70,641","1,73,06,081","1,35,64,560",136,64,29.025,7.373,3.731,35.6,2
Ghana,2019,"3,15,22,290","1,78,75,345","1,36,46,945",139,65,28.572,7.143,3.683,34.5,2
Ghana,2020,"3,21,80,401","1,84,55,138","1,37,25,263",141,64,28.038,7.448,3.623,33.5,2
Ghana,2021,"3,28,33,031","1,90,38,233","1,37,94,798",-,64,27.548,7.627,3.563,32.6,2
Gibraltar,2017,-,-,-,"3,260",82,11.482,8.182,1.895,-,-
Gibraltar,2018,"32,648","32,648",-,"3,265",82,11.242,8.191,1.879,-,0
Gibraltar,2019,"32,685","32,685",-,"3,269",82,11.015,8.283,1.863,-,0
Gibraltar,2020,"32,709","32,709",-,"3,271",82,10.844,8.685,1.855,-,0
Gibraltar,2021,"32,669","32,669",-,-,79,10.714,11.546,1.848,-,0
Greece,2017,-,-,-,83,81,8.2,11.6,1.35,3.8,-
Greece,2018,"1,07,32,882","84,85,202","22,47,680",83,82,8.1,11.2,1.35,3.7,0
Greece,2019,"1,07,21,582","85,11,650","22,09,932",83,82,7.8,11.7,1.34,3.5,0
Greece,2020,"1,06,98,599","85,28,388","21,70,211",83,81,7.9,12.2,1.39,3.4,0
Greece,2021,"1,06,41,221","85,17,020","21,24,201",-,80,8,13.5,1.39,3.3,-1
Greenland,2017,-,-,-,0,72,15.2,8.9,2.09,-,-
Greenland,2018,"56,023","48,637","7,386",0,72,14.6,8.7,2,-,0
Greenland,2019,"56,225","48,945","7,280",0,72,15.1,9.8,2.08,-,0
Greenland,2020,"56,367","49,198","7,169",0,72,14.8,9.2,2.019,-,0
Greenland,2021,"56,653","49,575","7,078",-,71,13.4,9.4,1.8,-,1
Grenada,2017,-,-,-,356,75,17.191,7.9,2.083,14.5,-
Grenada,2018,"1,21,838","44,193","77,645",358,75,16.92,7.956,2.063,14.6,1
Grenada,2019,"1,22,724","44,667","78,057",361,75,16.617,8.008,2.042,14.6,1
Grenada,2020,"1,23,663","45,183","78,480",364,75,16.288,8.061,2.023,14.6,1
Grenada,2021,"1,24,610","45,724","78,886",-,75,15.961,8.151,2.004,14.4,1
Guam,2017,-,-,-,312,77,17.997,6.127,2.805,-,-
Guam,2018,"1,68,678","1,59,873","8,805",312,77,17.02,6.21,2.671,-,0
Guam,2019,"1,68,624","1,59,955","8,669",312,78,16.624,6.304,2.623,-,0
Guam,2020,"1,69,231","1,60,665","8,566",313,77,16.363,7.178,2.593,-,0
Guam,2021,"1,70,534","1,62,033","8,501",-,77,16.376,7.337,2.569,-,1
Guatemala,2017,-,-,-,150,73,24.791,5.015,2.857,22.2,-
Guatemala,2018,"1,63,46,950","83,45,772","80,01,178",153,73,23.929,4.995,2.743,21.5,2
Guatemala,2019,"1,66,04,026","85,40,945","80,63,081",155,73,22.858,4.892,2.61,20.8,2
Guatemala,2020,"1,68,58,333","87,38,685","81,19,648",157,72,21.816,5.337,2.484,20.2,2
Guatemala,2021,"1,71,09,746","89,38,987","81,70,759",-,69,21.12,6.504,2.395,19.6,1
Guinea,2017,-,-,-,50,59,36.625,10.121,4.789,69.2,-
Guinea,2018,"1,25,54,864","45,37,328","80,17,536",51,59,35.931,9.94,4.669,68,3
Guinea,2019,"1,28,77,539","47,00,302","81,77,237",52,60,35.436,9.712,4.576,66.8,3
Guinea,2020,"1,32,05,153","48,69,400","83,35,753",54,59,34.944,9.847,4.489,65.4,3
Guinea,2021,"1,35,31,906","50,42,529","84,89,377",-,59,34.425,9.99,4.399,63.8,2
Guinea-Bissau,2017,-,-,-,67,60,33.285,8.642,4.358,56.3,-
Guinea-Bissau,2018,"19,24,955","8,34,660","10,90,295",68,61,32.657,8.401,4.263,54.6,2
Guinea-Bissau,2019,"19,70,457","8,62,607","11,07,850",70,61,32.093,8.206,4.172,52.9,2
Guinea-Bissau,2020,"20,15,828","8,90,915","11,24,913",72,60,31.605,8.574,4.094,51.5,2
Guinea-Bissau,2021,"20,60,721","9,19,432","11,41,289",-,60,31.087,8.716,4.005,50,2
Guyana,2017,-,-,-,4,69,20.958,7.472,2.485,26,-
Guyana,2018,"7,85,514","2,08,994","5,76,520",4,69,20.77,7.499,2.462,25.3,3
Guyana,2019,"7,98,753","2,13,179","5,85,574",4,69,20.828,7.444,2.44,24.6,2
Guyana,2020,"7,97,202","2,13,539","5,83,663",4,68,20.473,8.026,2.418,23.9,0
Guyana,2021,"8,04,567","2,16,404","5,88,163",-,66,20.298,9.987,2.397,23.2,1
Haiti,2017,-,-,-,394,64,24.98,8.014,3.016,50.5,-
Haiti,2018,"1,10,12,421","60,87,446","49,24,975",400,64,24.579,7.998,2.959,49.2,1
Haiti,2019,"1,11,60,438","62,71,273","48,89,165",405,64,24.304,7.953,2.919,48,1
Haiti,2020,"1,13,06,801","64,54,827","48,51,974",410,64,23.936,8.176,2.869,46.7,1
Haiti,2021,"1,14,47,569","66,35,469","48,12,100",-,63,23.498,8.676,2.814,45.4,1
Honduras,2017,-,-,-,86,73,22.16,4.221,2.496,16.3,-
Honduras,2018,"97,92,850","55,91,326","42,01,524",88,73,21.895,4.257,2.46,15.8,2
Honduras,2019,"99,58,829","57,49,232","42,09,597",89,73,21.628,4.315,2.427,15.2,2
Honduras,2020,"1,01,21,763","59,06,960","42,14,803",90,71,21.353,4.945,2.394,14.7,2
Honduras,2021,"1,02,78,345","60,62,373","42,15,972",-,70,21.071,5.608,2.363,14.2,2
Hong Kong,2017,-,-,-,"7,041",85,7.6,6.3,1.128,-,-
Hong Kong,2018,"74,52,600","74,52,600",-,"7,098",85,7.2,6.4,1.08,-,1
Hong Kong,2019,"75,07,900","75,07,900",-,"7,150",85,7,6.5,1.064,-,1
Hong Kong,2020,"74,81,000","74,81,000",-,"7,125",85,5.8,6.8,0.883,-,0
Hong Kong,2021,"74,13,100","74,13,100",-,-,85,5,6.9,0.772,-,-1
Hungary,2017,-,-,-,107,76,9.7,13.5,1.54,3.7,-
Hungary,2018,"97,75,564","69,74,963","28,00,601",107,76,9.6,13.4,1.55,3.5,0
Hungary,2019,"97,71,141","70,00,436","27,70,705",107,76,9.5,13.3,1.55,3.4,0
Hungary,2020,"97,50,149","70,14,452","27,35,697",107,76,9.6,14.5,1.59,3.4,0
Hungary,2021,"97,09,891","70,14,911","26,94,980",-,74,9.7,16.1,1.59,3.3,0
Iceland,2017,-,-,-,3,83,11.9,6.5,1.71,2.1,-
Iceland,2018,"3,52,721","3,30,898","21,823",3,83,12,6.4,1.71,2.1,3
Iceland,2019,"3,60,563","3,38,406","22,157",4,83,12.3,6.3,1.74,2.1,2
Iceland,2020,"3,66,463","3,44,101","22,362",4,83,12.3,6.3,1.72,2.1,2
Iceland,2021,"3,72,520","3,49,960","22,560",-,83,13.1,6.3,1.82,2.1,2
India,2017,-,-,-,455,70,17.911,6.593,2.2,31.5,-
India,2018,"1,36,90,03,306","46,58,71,825","90,31,31,481",460,71,17.651,6.644,2.177,29.8,1
India,2019,"1,38,31,12,050","47,67,86,386","90,63,25,664",465,71,17.049,6.71,2.109,28.3,1
India,2020,"1,39,63,87,127","48,77,02,168","90,86,84,959",470,70,16.572,7.35,2.051,26.8,1
India,2021,"1,40,75,63,842","49,81,79,071","90,93,84,771",-,67,16.419,9.448,2.031,25.5,1
Indonesia,2017,-,-,-,141,70,17.519,7.579,2.262,21.6,-
Indonesia,2018,"26,70,66,843","14,77,54,731","11,93,12,112",142,70,17.179,7.496,2.234,20.8,1
Indonesia,2019,"26,95,82,878","15,09,25,974","11,86,56,904",144,71,16.91,7.539,2.215,20.1,1
Indonesia,2020,"27,18,57,970","15,39,83,073","11,78,74,897",145,69,16.649,8.964,2.194,19.5,1
Indonesia,2021,"27,37,53,191","15,68,33,203","11,69,19,988",-,68,16.425,10.065,2.175,18.9,1
Iran,2017,-,-,-,52,76,18.608,4.692,2.074,12.4,-
Iran,2018,"8,56,17,562","6,41,25,842","2,14,91,720",53,76,17.231,4.715,1.968,12,1
Iran,2019,"8,65,64,202","6,52,61,618","2,13,02,584",53,76,15.118,4.872,1.77,11.6,1
Iran,2020,"8,72,90,193","6,62,30,561","2,10,59,632",54,75,14.231,5.567,1.708,11.2,1
Iran,2021,"8,79,23,432","6,71,25,144","2,07,98,288",-,74,13.699,6.437,1.692,10.9,1
Iraq,2017,-,-,-,91,70,28.923,4.637,3.73,23.4,-
Iraq,2018,"4,05,90,700","2,86,05,484","1,19,85,216",93,72,28.429,4.282,3.659,22.7,2
Iraq,2019,"4,15,63,520","2,93,76,265","1,21,87,255",96,72,28.078,4.301,3.604,22.1,2
Iraq,2020,"4,25,56,984","3,01,69,923","1,23,87,061",98,69,27.732,5.239,3.551,21.4,2
Iraq,2021,"4,35,33,592","3,09,60,655","1,25,72,937",-,70,27.367,4.753,3.496,20.7,2
Ireland,2017,-,-,-,70,82,12.9,6.3,1.77,3,-
Ireland,2018,"48,67,316","30,74,684","17,92,632",71,82,12.5,6.4,1.75,2.9,1
Ireland,2019,"49,34,340","31,28,618","18,05,722",72,83,12,6.3,1.71,2.9,1
Ireland,2020,"49,85,382","31,73,345","18,12,037",72,83,11.2,6.5,1.63,2.8,1
Ireland,2021,"50,33,165","32,16,796","18,16,369",-,82,11.6,6.6,1.72,2.7,1
Isle Of Man,2017,-,-,-,147,80,9.25,10.023,1.677,-,-
Isle Of Man,2018,"83,775","44,056","39,719",147,81,8.94,10.054,1.621,-,0
Isle Of Man,2019,"83,933","44,262","39,671",147,81,8.888,10.09,1.614,-,0
Isle Of Man,2020,"84,046","44,459","39,587",147,81,8.605,10.414,1.569,-,0
Isle Of Man,2021,"84,263","44,723","39,540",-,81,8.529,10.604,1.564,-,0
Israel,2017,-,-,-,403,83,21.1,5.2,3.11,3,-
Israel,2018,"88,82,800","82,09,306","6,73,494",410,83,20.8,5,3.09,2.9,2
Israel,2019,"90,54,000","83,75,041","6,78,959",418,83,20.1,5.1,3.01,2.8,2
Israel,2020,"92,15,100","85,31,985","6,83,115",426,83,19.2,5.3,2.9,2.8,2
Israel,2021,"93,64,700","86,78,642","6,86,058",-,83,19.7,5.4,3,2.7,2
Italy,2017,-,-,-,205,83,7.6,10.7,1.32,2.8,-
Italy,2018,"6,04,21,760","4,25,59,879","1,78,61,881",204,83,7.3,10.5,1.29,2.7,0
Italy,2019,"5,97,29,081","4,22,49,963","1,74,79,118",202,83,7,10.6,1.27,2.6,-1
Italy,2020,"5,94,38,851","4,22,24,765","1,72,14,086",201,82,6.8,12.5,1.24,2.4,0
Italy,2021,"5,91,09,668","4,21,72,384","1,69,37,284",-,83,6.8,12,1.25,2.2,-1
Jamaica,2017,-,-,-,259,72,12.748,7.145,1.44,12.2,-
Jamaica,2018,"28,11,835","15,65,461","12,46,374",260,72,12.22,7.318,1.388,11.8,0
Jamaica,2019,"28,13,773","15,75,291","12,38,482",260,72,11.994,7.477,1.37,11.4,0
Jamaica,2020,"28,20,436","15,88,216","12,32,220",260,72,11.813,7.583,1.358,11,0
Jamaica,2021,"28,27,695","16,01,946","12,25,749",-,71,11.712,8.797,1.352,10.7,0
Japan,2017,-,-,-,348,84,7.6,10.8,1.43,1.9,-
Japan,2018,"12,68,11,000","11,61,79,166","1,06,31,834",348,84,7.4,11,1.42,1.9,0
Japan,2019,"12,66,33,000","11,61,19,928","1,05,13,072",347,84,7,11.2,1.36,1.8,0
Japan,2020,"12,62,61,000","11,58,84,871","1,03,76,129",346,85,6.8,11.1,1.33,1.8,0
Japan,2021,"12,56,81,593","11,54,59,909","1,02,21,684",-,84,6.6,11.7,1.3,1.7,0
Jordan,2017,-,-,-,115,76,23.377,3.155,3.027,14.2,-
Jordan,2018,"1,04,59,865","95,16,281","9,43,584",118,76,22.999,3.15,2.973,13.8,2
Jordan,2019,"1,06,98,683","97,57,520","9,41,163",120,76,22.6,3.148,2.918,13.4,2
Jordan,2020,"1,09,28,721","99,90,818","9,37,903",123,75,22.265,3.475,2.873,12.9,2
Jordan,2021,"1,11,48,278","1,02,14,721","9,33,557",-,74,21.95,3.868,2.83,12.6,2
Kazakhstan,2017,-,-,-,7,73,21.64,7.15,2.75,9.4,-
Kazakhstan,2018,"1,82,76,452","1,04,95,801","77,80,651",7,73,21.77,7.14,2.84,9.1,1
Kazakhstan,2019,"1,85,13,673","1,06,52,767","78,60,906",7,73,21.73,7.19,2.9,9.1,1
Kazakhstan,2020,"1,87,55,666","1,08,16,580","79,39,086",7,71,22.76,8.6,3.13,9.1,1
Kazakhstan,2021,"1,90,00,988","1,09,86,561","80,14,427",-,70,23.5,9.61,3.32,9.1,1
Kenya,2017,-,-,-,86,62,29.755,7.294,3.643,31.6,-
Kenya,2018,"4,99,53,304","1,35,02,378","3,64,50,926",88,63,29.18,7.305,3.58,30.6,2
Kenya,2019,"5,09,51,450","1,40,15,215","3,69,36,235",90,63,28.46,7.29,3.469,29.7,2
Kenya,2020,"5,19,85,780","1,45,53,419","3,74,32,361",91,63,27.998,7.456,3.397,29,2
Kenya,2021,"5,30,05,614","1,51,02,890","3,79,02,724",-,61,27.685,8.056,3.335,28,2
Kiribati,2017,-,-,-,149,67,28.616,6.426,3.431,42.6,-
Kiribati,2018,"1,22,261","66,091","56,170",151,67,28.46,6.345,3.41,41.5,2
Kiribati,2019,"1,24,241","68,128","56,113",153,67,28.064,6.252,3.368,40.4,2
Kiribati,2020,"1,26,463","70,306","56,157",156,67,27.645,6.242,3.333,39.4,2
Kiribati,2021,"1,28,874","72,601","56,273",-,67,27.207,6.236,3.304,38.3,2
Kosovo,2017,-,-,-,-,79,12.615,5.262,1.649,11.5,-
Kosovo,2018,"17,97,085",-,-,-,79,12.094,5.505,1.605,10.8,0
Kosovo,2019,"17,88,878",-,-,-,79,11.443,5.56,1.546,10.1,0
Kosovo,2020,"17,90,133",-,-,-,77,11.181,7.505,1.529,9.6,0
Kosovo,2021,"17,86,038",-,-,-,77,11.143,7.22,1.522,9.1,0
Kuwait,2017,-,-,-,231,80,14.386,1.914,2.161,7.6,-
Kuwait,2018,"43,17,185","43,17,185",-,242,80,13.443,2.052,2.165,7.6,5
Kuwait,2019,"44,41,100","44,41,100",-,249,80,12.437,2.194,2.159,7.6,3
Kuwait,2020,"43,60,444","43,60,444",-,245,77,11.797,3.254,2.14,7.5,-2
Kuwait,2021,"42,50,114","42,50,114",-,-,79,10.41,2.906,2.11,7.5,-3
Kyrgyz Republic,2017,-,-,-,32,71,24.8,5.4,3,17.8,-
Kyrgyz Republic,2018,"63,22,800","22,98,401","40,24,399",33,71,27.1,5.2,3.3,17,2
Kyrgyz Republic,2019,"64,56,200","23,62,388","40,93,812",34,72,26.9,5.2,3.3,16.3,2
Kyrgyz Republic,2020,"65,79,900","24,25,088","41,54,812",34,72,24,6.1,3,15.9,2
Kyrgyz Republic,2021,"66,91,800","24,85,736","42,06,064",-,72,22.4,5.8,2.89,15.6,2
Lao PDR,2017,-,-,-,30,67,23.715,6.91,2.671,39.1,-
Lao PDR,2018,"71,05,006","24,87,036","46,17,970",31,68,23.238,6.755,2.619,37.7,2
Lao PDR,2019,"72,12,053","25,70,736","46,41,317",31,68,22.786,6.505,2.571,36.6,1
Lao PDR,2020,"73,19,399","26,56,210","46,63,189",32,68,22.449,6.366,2.541,35.4,1
Lao PDR,2021,"74,25,057","27,42,742","46,82,315",-,68,21.973,6.613,2.496,34.2,1
Latvia,2017,-,-,-,31,75,10.7,14.8,1.69,3.8,-
Latvia,2018,"19,27,174","13,13,215","6,13,959",31,75,10,15,1.6,3.6,-1
Latvia,2019,"19,13,822","13,05,648","6,08,174",31,75,9.8,14.5,1.61,3.4,-1
Latvia,2020,"19,00,449","12,98,292","6,02,157",31,75,9.2,15.2,1.55,3.3,-1
Latvia,2021,"18,84,490","12,89,387","5,95,103",-,73,9.2,18.4,1.57,3.2,-1
Lebanon,2017,-,-,-,597,80,16.904,4.495,2.173,7.7,-
Lebanon,2018,"59,50,839","52,72,027","6,78,812",582,80,16.311,4.704,2.148,7.6,-3
Lebanon,2019,"57,81,907","51,31,905","6,50,002",565,79,15.822,5.178,2.13,7.4,-3
Lebanon,2020,"56,62,923","50,35,754","6,27,169",554,78,15.332,6.253,2.103,7.2,-2
Lebanon,2021,"55,92,631","49,82,643","6,09,988",-,75,14.948,8.271,2.091,7.1,-1
Lesotho,2017,-,-,-,71,53,27.723,13.651,3.187,62,-
Lesotho,2018,"21,98,017","6,18,808","15,79,209",72,54,27.262,13.259,3.139,60.8,1
Lesotho,2019,"22,25,702","6,36,217","15,89,485",73,54,26.839,13.014,3.094,60,1
Lesotho,2020,"22,54,100","6,54,320","15,99,780",74,55,26.378,12.858,3.049,58.4,1
Lesotho,2021,"22,81,454","6,72,573","16,08,881",-,53,26.107,14.186,3.018,57,1
Liberia,2017,-,-,-,50,61,33.151,8.954,4.396,62.1,-
Liberia,2018,"48,89,391","25,00,972","23,88,419",51,61,32.706,8.793,4.336,60.9,2
Liberia,2019,"49,85,289","25,73,157","24,12,132",52,61,32.181,8.658,4.257,59.6,2
Liberia,2020,"50,87,584","26,50,072","24,37,512",53,61,31.708,8.753,4.174,58.2,2
Liberia,2021,"51,93,416","27,30,335","24,63,081",-,61,31.287,8.838,4.089,56.7,2
Libya,2017,-,-,-,4,72,19.898,5.284,2.626,10.6,-
Libya,2018,"64,77,793","51,88,842","12,88,951",4,73,19.282,5.245,2.581,10.2,2
Libya,2019,"65,69,088","52,81,087","12,88,001",4,72,18.732,5.454,2.539,9.9,1
Libya,2020,"66,53,942","53,69,132","12,84,810",4,72,18.302,5.598,2.507,9.5,1
Libya,2021,"67,35,277","54,55,170","12,80,107",-,72,17.828,6.018,2.462,9.2,1
Liechtenstein,2017,-,-,-,237,84,8.9,6.6,1.44,-,-
Liechtenstein,2018,"38,181","5,474","32,707",239,83,9.9,7.2,1.58,-,1
Liechtenstein,2019,"38,482","5,530","32,952",241,84,9.2,6.8,1.48,-,1
Liechtenstein,2020,"38,756","5,587","33,169",242,82,9.1,8.2,1.46,-,1
Liechtenstein,2021,"39,039","5,649","33,390",-,84,9.6,6.9,1.53,-,1
Lithuania,2017,-,-,-,45,75,10.1,14.2,1.63,3.6,-
Lithuania,2018,"28,01,543","18,96,056","9,05,487",45,76,10,14.1,1.63,3.3,-1
Lithuania,2019,"27,94,137","18,95,962","8,98,175",45,76,9.8,13.7,1.61,3.1,0
Lithuania,2020,"27,94,885","19,01,807","8,93,078",45,75,9,15.6,1.48,2.9,0
Lithuania,2021,"28,00,839","19,11,545","8,89,294",-,74,8.3,17,1.34,2.7,0
Luxembourg,2017,-,-,-,232,82,10.4,7.1,1.39,2.3,-
Luxembourg,2018,"6,07,950","5,53,119","54,831",236,82,10.3,7.1,1.38,2.3,2
Luxembourg,2019,"6,20,001","5,65,584","54,417",241,83,10,6.9,1.34,2.3,2
Luxembourg,2020,"6,30,419","5,76,537","53,882",245,82,10.2,7.3,1.36,2.3,2
Luxembourg,2021,"6,40,064","5,86,759","53,305",-,83,10.5,7,1.38,2.2,2
Macao,2017,-,-,-,"20,734",85,10.877,3.864,1.123,-,-
Macao,2018,"6,50,991","6,50,991",-,"19,787",85,10.621,3.86,1.104,-,2
Macao,2019,"6,63,653","6,63,653",-,"20,172",85,10.295,3.983,1.077,-,2
Macao,2020,"6,76,283","6,76,283",-,"20,556",85,10.128,4.047,1.072,-,2
Macao,2021,"6,86,607","6,86,607",-,-,85,10.114,4.111,1.088,-,2
Madagascar,2017,-,-,-,45,65,32.477,6.79,4.109,45.1,-
Madagascar,2018,"2,68,46,541","99,84,497","1,68,62,044",46,65,32.088,6.736,4.043,45.2,3
Madagascar,2019,"2,75,33,134","1,04,24,320","1,71,08,814",47,66,31.701,6.518,3.978,45.3,3
Madagascar,2020,"2,82,25,177","1,08,76,290","1,73,48,887",49,65,31.343,6.801,3.918,45.3,2
Madagascar,2021,"2,89,15,653","1,13,36,960","1,75,78,693",-,64,30.949,7.104,3.851,45.3,2
Malawi,2017,-,-,-,190,63,34.343,7.149,4.22,35.5,-
Malawi,2018,"1,83,67,883","31,10,968","1,52,56,915",195,63,33.925,6.955,4.14,34.2,3
Malawi,2019,"1,88,67,337","32,40,276","1,56,27,061",200,64,33.598,6.611,4.072,33,3
Malawi,2020,"1,93,77,061","33,76,840","1,60,00,221",206,64,33.233,6.706,3.995,32.1,3
Malawi,2021,"1,98,89,742","35,19,490","1,63,70,252",-,63,32.859,6.983,3.917,31.2,3
Malaysia,2017,-,-,-,97,75,16.355,5.132,1.929,6.9,-
Malaysia,2018,"3,23,99,271","2,46,35,110","77,64,161",99,76,15.978,5.175,1.881,6.9,1
Malaysia,2019,"3,28,04,020","2,51,30,176","76,73,844",100,76,15.58,5.253,1.834,6.7,1
Malaysia,2020,"3,31,99,993","2,56,17,115","75,82,878",101,76,15.417,5.311,1.818,6.6,1
Malaysia,2021,"3,35,73,874","2,60,85,557","74,88,317",-,75,15.24,6.034,1.803,6.5,1
Maldives,2017,-,-,-,"1,575",80,16.126,2.784,1.845,7.1,-
Maldives,2018,"4,89,758","1,94,963","2,94,795","1,633",80,15.531,2.828,1.784,6.5,4
Maldives,2019,"5,04,508","2,03,004","3,01,504","1,682",80,15.001,2.858,1.736,6,3
Maldives,2020,"5,14,438","2,09,217","3,05,221","1,715",80,14.576,3.001,1.712,5.5,2
Maldives,2021,"5,21,457","2,14,329","3,07,128",-,80,14.088,3.02,1.692,5.1,1
Mali,2017,-,-,-,16,59,43.378,9.637,6.251,67.3,-
Mali,2018,"1,99,34,298","84,43,371","1,14,90,927",16,59,42.901,9.419,6.183,65.9,3
Mali,2019,"2,05,67,424","88,71,964","1,16,95,460",17,60,42.376,9.205,6.103,64.4,3
Mali,2020,"2,12,24,040","93,19,264","1,19,04,776",17,59,41.995,9.529,6.035,63,3
Mali,2021,"2,19,04,983","97,86,489","1,21,18,494",-,59,41.643,9.274,5.956,61.6,3
Malta,2017,-,-,-,"1,462",82,9.2,7.6,1.26,5.6,-
Malta,2018,"4,84,630","4,58,518","26,112","1,514",82,9.2,7.6,1.23,5.5,3
Malta,2019,"5,04,062","4,77,236","26,826","1,575",83,8.6,7.3,1.14,5.3,4
Malta,2020,"5,15,332","4,88,246","27,086","1,610",82,8.6,7.9,1.13,5.2,2
Malta,2021,"5,18,536","4,91,624","26,912",-,83,8.5,8,1.14,5.1,1
Marshall Islands,2017,-,-,-,262,64,22.268,7.097,2.929,27.8,-
Marshall Islands,2018,"45,989","35,426","10,563",255,65,21.514,7.187,2.877,27.1,-3
Marshall Islands,2019,"44,728","34,627","10,101",248,65,20.744,7.29,2.824,26.3,-3
Marshall Islands,2020,"43,413","33,773","9,640",241,65,20.006,7.425,2.777,25.6,-3
Marshall Islands,2021,"42,050","32,867","9,183",-,65,19.28,7.556,2.729,24.8,-3
Mauritania,2017,-,-,-,4,65,34.425,7.446,4.664,35.5,-
Mauritania,2018,"42,70,712","22,92,177","19,78,535",4,65,34.183,7.248,4.607,34.7,3
Mauritania,2019,"43,83,849","23,89,505","19,94,344",4,66,33.723,7.003,4.521,33.8,3
Mauritania,2020,"44,98,604","24,88,943","20,09,661",4,65,33.427,7.466,4.455,33,3
Mauritania,2021,"46,14,974","25,90,523","20,24,451",-,64,33.194,7.44,4.398,32.2,3
Mauritius,2017,-,-,-,623,75,10.7,8,1.44,13.3,-
Mauritius,2018,"12,65,577","5,16,267","7,49,310",623,74,10.2,8.5,1.41,13.8,0
Mauritius,2019,"12,65,985","5,16,091","7,49,894",624,74,10.2,8.8,1.4,14.5,0
Mauritius,2020,"12,66,014","5,16,027","7,49,987",624,74,10.6,8.7,1.44,14.9,0
Mauritius,2021,"12,66,334","5,16,348","7,49,986",-,74,10.3,10.5,1.41,15.3,0
Mexico,2017,-,-,-,63,74,16.947,6.615,2.041,13.1,-
Mexico,2018,"12,40,13,861","9,94,04,550","2,46,09,311",64,74,16.465,6.856,1.996,12.6,1
Mexico,2019,"12,50,85,311","10,06,23,628","2,44,61,683",64,74,15.71,6.931,1.916,12.2,1
Mexico,2020,"12,59,98,302","10,17,19,689","2,42,78,613",65,70,15.565,9.33,1.905,11.8,1
Mexico,2021,"12,67,05,138","10,26,51,435","2,40,53,703",-,70,14.857,9.406,1.822,11.4,1
Micronesia,2017,-,-,-,158,71,21.451,5.265,2.893,23.6,-
Micronesia,2018,"1,10,929","25,184","85,745",158,71,21.2,5.472,2.84,23,0
Micronesia,2019,"1,11,379","25,408","85,971",159,71,21.059,5.728,2.801,22.2,0
Micronesia,2020,"1,12,106","25,709","86,397",160,71,20.837,6.065,2.754,21.6,1
Micronesia,2021,"1,13,131","26,097","87,034",-,71,20.777,6.211,2.711,21,1
Moldova,2017,-,-,-,96,71,13.805,13.088,1.81,13.1,-
Moldova,2018,"27,07,203","11,54,054","15,53,149",94,70,13.443,13.339,1.809,12.9,-2
Moldova,2019,"26,64,224","11,38,316","15,25,908",93,71,12.894,13.089,1.78,12.7,-2
Moldova,2020,"26,35,130","11,29,127","15,06,003",92,70,12.481,14.445,1.77,12.5,-1
Moldova,2021,"26,15,199","11,24,483","14,90,716",-,69,12.432,16.36,1.806,12.2,-1
Monaco,2018,"37,029","37,029",-,"18,268",-,5.9,6.6,-,1,0
Monaco,2019,"37,034","37,034",-,"18,270",-,0,0,-,1,0
Monaco,2020,"36,922","36,922",-,"18,215",-,0,0,-,1,0
Monaco,2021,"36,686","36,686",-,-,-,0,0,-,1,-1
Mongolia,2017,-,-,-,2,70,24.222,5.994,2.891,15.1,-
Mongolia,2018,"31,63,991","21,65,594","9,98,397",2,71,23.836,5.663,2.923,14.4,2
Mongolia,2019,"32,32,430","22,15,604","10,16,826",2,72,23.292,5.499,2.937,13.8,2
Mongolia,2020,"32,94,335","22,61,792","10,32,543",2,72,22.405,5.475,2.9,13.2,2
Mongolia,2021,"33,47,782","23,02,772","10,45,010",-,71,21.413,6.131,2.837,12.7,2
Montenegro,2017,-,-,-,46,76,11.9,10.5,1.78,2.8,-
Montenegro,2018,"6,22,227","4,15,729","2,06,498",46,77,11.7,10.5,1.76,2.5,0
Montenegro,2019,"6,22,028","4,17,692","2,04,336",46,77,11.6,10.6,1.77,2.3,0
Montenegro,2020,"6,21,306","4,19,307","2,01,999",46,76,11.4,11.7,1.75,2.1,0
Montenegro,2021,"6,19,211","4,19,986","1,99,225",-,74,11.4,14.8,1.75,1.9,0
Morocco,2017,-,-,-,80,74,19.298,5.642,2.451,18.3,-
Morocco,2018,"3,59,27,511","2,24,37,808","1,34,89,703",81,74,18.813,5.637,2.415,17.5,1
Morocco,2019,"3,63,04,408","2,28,69,599","1,34,34,809",81,74,18.337,5.658,2.382,16.7,1
Morocco,2020,"3,66,88,772","2,33,09,111","1,33,79,661",82,74,17.889,6.073,2.353,16.1,1
Morocco,2021,"3,70,76,584","2,37,53,114","1,33,23,470",-,74,17.545,6.17,2.328,15.4,1
Mozambique,2017,-,-,-,36,60,38.127,8.69,4.922,56.7,-
Mozambique,2018,"2,94,23,878","1,05,89,065","1,88,34,813",37,61,37.753,8.337,4.852,55.2,3
Mozambique,2019,"3,02,85,595","1,10,62,722","1,92,22,873",39,61,37.345,8.04,4.783,53.6,3
Mozambique,2020,"3,11,78,239","1,15,59,020","1,96,19,219",40,61,36.974,8.004,4.713,52.5,3
Mozambique,2021,"3,20,77,072","1,20,69,961","2,00,07,111",-,59,36.598,8.793,4.644,51,3
Myanmar,2017,-,-,-,80,66,18.129,8.808,2.234,38.1,-
Myanmar,2018,"5,26,66,014","1,61,04,740","3,65,61,274",81,66,17.869,8.622,2.213,37,1
Myanmar,2019,"5,30,40,212","1,63,63,966","3,66,76,246",81,67,17.663,8.692,2.2,35.8,1
Myanmar,2020,"5,34,23,198","1,66,36,518","3,67,86,680",82,67,17.363,8.819,2.174,34.7,1
Myanmar,2021,"5,37,98,084","1,69,18,421","3,68,79,663",-,66,17.103,9.769,2.151,33.7,1
Namibia,2017,-,-,-,3,62,29.503,8.47,3.511,32,-
Namibia,2018,"24,05,680","12,03,610","12,02,070",3,63,29.008,8.403,3.462,31.5,2
Namibia,2019,"24,46,644","12,48,816","11,97,828",3,63,28.433,8.248,3.404,30.7,2
Namibia,2020,"24,89,098","12,95,152","11,93,946",3,63,27.876,8.475,3.349,30,2
Namibia,2021,"25,30,151","13,41,107","11,89,044",-,59,27.439,10.709,3.303,29.4,2
Nauru,2017,-,-,-,584,63,30.375,6.65,3.731,26.1,-
Nauru,2018,"11,924","11,924",-,596,63,29.686,6.566,3.67,25.4,2
Nauru,2019,"12,132","12,132",-,607,63,29.124,6.48,3.618,24.7,2
Nauru,2020,"12,315","12,315",-,616,63,28.364,6.602,3.571,23.9,1
Nauru,2021,"12,511","12,511",-,-,64,27.56,6.633,3.519,23.2,2
Nepal,2017,-,-,-,197,69,21.376,6.971,2.15,26.6,-
Nepal,2018,"2,85,06,712","56,27,225","2,28,79,487",199,69,21.026,7.041,2.104,25.5,1
Nepal,2019,"2,88,32,496","58,10,613","2,30,21,883",201,70,20.868,6.871,2.08,24.5,1
Nepal,2020,"2,93,48,627","60,38,773","2,33,09,854",205,69,20.64,7.209,2.055,23.6,2
Nepal,2021,"3,00,34,989","63,09,750","2,37,25,239",-,68,20.402,7.776,2.029,22.8,2
Netherlands,2017,-,-,-,509,82,9.9,8.8,1.62,3.5,-
Netherlands,2018,"1,72,31,624","1,57,65,213","14,66,411",512,82,9.8,8.9,1.59,3.5,1
Netherlands,2019,"1,73,44,874","1,59,35,776","14,09,098",515,82,9.8,8.8,1.57,3.5,1
Netherlands,2020,"1,74,41,500","1,60,87,342","13,54,158",518,81,9.7,9.7,1.54,3.5,1
Netherlands,2021,"1,75,33,044","1,62,30,689","13,02,355",-,81,10.2,9.8,1.62,3.5,1
New Caledonia,2017,-,-,-,15,78,15,5.7,2.04,-,-
New Caledonia,2018,"2,71,170","1,91,671","79,499",15,80,15,5.7,2.06,-,0
New Caledonia,2019,"2,71,240","1,92,862","78,378",15,80,15.2,6,2.1,-,0
New Caledonia,2020,"2,72,460","1,94,858","77,602",15,81,14.6,5.7,2.04,-,0
New Caledonia,2021,"2,74,660","1,97,549","77,111",-,79,14.3,7.2,2.02,-,1
New Zealand,2017,-,-,-,18,82,12.38,6.92,1.81,4.3,-
New Zealand,2018,"49,00,600","42,40,881","6,59,719",19,82,11.84,6.78,1.71,4.2,2
New Zealand,2019,"49,79,200","43,12,734","6,66,466",19,82,11.96,6.87,1.72,4.1,2
New Zealand,2020,"50,90,200","44,13,152","6,77,048",19,82,11.32,6.41,1.61,4,2
New Zealand,2021,"51,11,400","44,36,133","6,75,267",-,82,11.48,6.83,1.64,3.9,0
Nicaragua,2017,-,-,-,54,74,22.09,4.619,2.43,14.4,-
Nicaragua,2018,"65,72,233","38,46,202","27,26,031",55,74,21.704,4.605,2.404,13.6,1
Nicaragua,2019,"66,63,924","39,15,722","27,48,202",55,74,21.305,4.626,2.377,12.8,1
Nicaragua,2020,"67,55,895","39,86,789","27,69,106",56,72,20.903,5.703,2.349,12.1,1
Nicaragua,2021,"68,50,540","40,60,795","27,89,745",-,74,20.507,4.859,2.321,11.4,1
Niger,2017,-,-,-,17,62,46.351,8.239,7.084,60.6,-
Niger,2018,"2,25,77,058","37,08,282","1,88,68,776",18,62,46.127,8.061,7.023,60.4,4
Niger,2019,"2,34,43,393","38,72,145","1,95,71,248",19,63,45.859,7.824,6.961,60.2,4
Niger,2020,"2,43,33,639","40,45,711","2,02,87,928",19,61,45.588,8.281,6.892,59.9,4
Niger,2021,"2,52,52,722","42,30,083","2,10,22,639",-,62,45.293,8.141,6.82,59.5,4
Nigeria,2017,-,-,-,212,52,38.689,13.435,5.523,77.1,-
Nigeria,2018,"19,83,87,623","9,98,76,265","9,85,11,358",218,53,38.248,13.239,5.447,75.5,2
Nigeria,2019,"20,33,04,492","10,40,04,479","9,93,00,013",223,53,37.849,12.989,5.379,73.9,2
Nigeria,2020,"20,83,27,405","10,82,42,753","10,00,84,652",229,53,37.467,12.997,5.309,72.3,2
Nigeria,2021,"21,34,01,323","11,25,60,662","10,08,40,661",-,53,37.117,13.083,5.237,70.6,2
North Korea,2017,-,-,-,212,73,13.514,8.502,1.857,14.4,-
North Korea,2018,"2,56,38,149","1,58,69,758","97,68,391",213,73,13.488,8.721,1.845,13.7,0
North Korea,2019,"2,57,55,441","1,60,02,886","97,52,555",214,73,13.487,8.878,1.84,13.1,0
North Korea,2020,"2,58,67,467","1,61,36,385","97,31,082",215,73,13.333,9.078,1.818,11.6,0
North Korea,2021,"2,59,71,909","1,62,69,323","97,02,586",-,73,13.24,9.313,1.809,10.1,0
North Macedonia,2017,-,-,-,82,76,10.5,9.8,1.43,8.5,-
North Macedonia,2018,"20,76,217","12,03,438","8,72,779",82,77,10.3,9.5,1.42,7.1,0
North Macedonia,2019,"20,76,694","12,08,802","8,67,892",82,77,9.6,9.8,1.34,6,0
North Macedonia,2020,"20,72,531","12,12,058","8,60,473",82,74,9.2,12.4,1.31,5.2,0
North Macedonia,2021,"20,65,092","12,13,985","8,51,107",-,75,10.2,15.5,1.6,4.6,0
Northern Mariana Islands,2018,"50,304","46,088","4,216",109,-,0,0,-,-,-1
Northern Mariana Islands,2019,"49,858","45,724","4,134",108,-,13.2,4,-,-,-1
Northern Mariana Islands,2020,"49,587","45,520","4,067",108,-,0,0,-,-,-1
Northern Mariana Islands,2021,"49,481","45,468","4,013",-,-,0,0,-,-,0
Norway,2017,-,-,-,14,83,10.7,7.7,1.62,2.1,-
Norway,2018,"53,11,916","43,68,945","9,42,971",15,83,10.4,7.7,1.56,2,1
Norway,2019,"53,47,896","44,18,218","9,29,678",15,83,10.2,7.6,1.53,1.9,1
Norway,2020,"53,79,475","44,63,566","9,15,909",15,83,9.8,7.5,1.48,1.8,1
Norway,2021,"54,08,320","45,06,374","9,01,946",-,83,10.4,7.8,1.55,1.8,1
Oman,2017,-,-,-,15,78,20.282,2.155,2.937,9.4,-
Oman,2018,"46,01,157","38,89,772","7,11,385",15,78,19.816,2.172,2.883,9.3,1
Oman,2019,"46,02,768","39,32,743","6,70,025",15,78,19.298,2.205,2.776,9.1,0
Oman,2020,"45,43,399","39,19,863","6,23,536",15,75,18.791,3.025,2.687,8.9,-1
Oman,2021,"45,20,471","39,34,799","5,85,672",-,73,18.419,3.796,2.623,8.7,-1
Pakistan,2017,-,-,-,281,66,28.963,6.89,3.759,59,-
Pakistan,2018,"21,97,31,479","8,05,66,744","13,91,64,735",285,66,28.594,6.843,3.685,57.4,2
Pakistan,2019,"22,32,93,280","8,24,10,851","14,08,82,429",290,67,28.276,6.765,3.62,55.9,2
Pakistan,2020,"22,71,96,741","8,44,37,669","14,27,59,072",295,66,27.967,7.06,3.555,54.4,2
Pakistan,2021,"23,14,02,117","8,66,36,953","14,47,65,164",-,66,27.519,7.168,3.47,52.8,2
Palau,2017,-,-,-,39,-,12.4,10.3,0,17.2,-
Palau,2018,"17,864","14,279","3,585",39,-,14,7.8,0,16.6,0
Palau,2019,"17,916","14,417","3,499",39,-,11.2,10.2,0,16.2,0
Palau,2020,"17,972","14,555","3,417",39,-,12.1,8.4,0.85,15.7,0
Palau,2021,"18,024","14,686","3,338",-,-,13.4,10.2,0,15.1,0
Panama,2017,-,-,-,55,78,19.317,4.947,2.493,13.7,-
Panama,2018,"41,65,255","28,20,253","13,45,002",56,78,18.814,5.013,2.441,13.2,2
Panama,2019,"42,32,532","28,80,619","13,51,913",57,78,18.228,5.12,2.375,12.8,2
Panama,2020,"42,94,396","29,37,968","13,56,428",58,77,17.919,5.747,2.344,12.4,1
Panama,2021,"43,51,267","29,92,584","13,58,683",-,76,17.692,6.067,2.325,11.9,1
Papua New Guinea,2017,-,-,-,20,65,27.216,6.508,3.432,38.3,-
Papua New Guinea,2018,"93,29,227","12,28,566","81,00,661",21,65,26.834,6.532,3.382,37.3,2
Papua New Guinea,2019,"95,42,486","12,64,379","82,78,107",21,65,26.37,6.468,3.322,36.4,2
Papua New Guinea,2020,"97,49,640","13,01,089","84,48,551",22,66,25.996,6.402,3.274,35.4,2
Papua New Guinea,2021,"99,49,437","13,38,796","86,10,641",-,65,25.514,6.683,3.215,34.4,2
Paraguay,2017,-,-,-,16,74,21.962,5.445,2.591,17.7,-
Paraguay,2018,"64,43,328","39,68,124","24,75,204",16,74,21.664,5.569,2.561,17.1,1
Paraguay,2019,"65,30,026","40,40,715","24,89,311",16,74,21.281,5.636,2.525,16.6,1
Paraguay,2020,"66,18,695","41,15,703","25,02,992",17,73,20.946,5.916,2.497,16.1,1
Paraguay,2021,"67,03,799","41,89,606","25,14,193",-,70,20.627,7.638,2.469,15.6,1
Peru,2017,-,-,-,25,76,18.269,6.173,2.281,12.2,-
Peru,2018,"3,22,03,944","2,50,89,127","71,14,817",25,76,18.092,6.103,2.26,11.9,2
Peru,2019,"3,28,24,861","2,56,35,888","71,88,973",26,76,18.042,6.006,2.242,11.6,2
Peru,2020,"3,33,04,756","2,60,76,625","72,28,131",26,74,17.833,7.327,2.216,11.3,1
Peru,2021,"3,37,15,471","2,64,66,645","72,48,826",-,72,17.622,7.988,2.192,11,1
Philippines,2017,-,-,-,358,72,22.664,5.665,2.865,22.7,-
Philippines,2018,"10,85,68,836","5,09,26,384","5,76,42,452",364,72,22.445,5.631,2.831,22.2,2
Philippines,2019,"11,03,80,804","5,20,43,445","5,83,37,359",370,72,22.254,5.609,2.805,21.6,2
Philippines,2020,"11,21,90,977","5,31,87,498","5,90,03,479",376,72,22.039,5.566,2.777,21,2
Philippines,2021,"11,38,80,328","5,43,02,696","5,95,77,632",-,69,21.813,7.311,2.748,20.5,1
Poland,2017,-,-,-,124,78,10.6,10.6,1.48,4,-
Poland,2018,"3,79,74,750","2,28,06,875","1,51,67,875",124,78,10.2,10.9,1.46,3.9,0
Poland,2019,"3,79,65,475","2,27,93,332","1,51,72,143",124,78,9.9,10.8,1.44,3.8,0
Poland,2020,"3,78,99,070","2,27,55,739","1,51,43,331",124,77,9.4,12.6,1.39,3.7,0
Poland,2021,"3,77,47,124","2,26,76,585","1,50,70,539",-,76,8.8,13.8,1.33,3.7,0
Portugal,2017,-,-,-,112,81,8.4,10.7,1.38,3,-
Portugal,2018,"1,02,83,822","67,06,183","35,77,639",112,81,8.5,11,1.42,2.9,0
Portugal,2019,"1,02,86,263","67,64,658","35,21,605",112,82,8.4,10.9,1.43,2.8,0
Portugal,2020,"1,02,97,081","68,27,994","34,69,087",112,81,8.2,12,1.41,2.7,0
Portugal,2021,"1,03,25,147","69,02,258","34,22,889",-,81,7.7,12.1,1.38,2.5,0
Puerto Rico,2017,-,-,-,375,79,7.3,9.222,1.101,-,-
Puerto Rico,2018,"31,93,354","29,88,277","2,05,077",360,80,6.7,9.063,1.035,-,-4
Puerto Rico,2019,"31,93,694","29,88,531","2,05,163",360,79,6.4,9.194,0.982,-,0
Puerto Rico,2020,"32,81,557","30,70,914","2,10,643",370,78,6,9.6,0.922,-,3
Puerto Rico,2021,"32,62,693","30,53,620","2,09,073",-,80,5.9,8.6,0.907,-,-1
Qatar,2017,-,-,-,236,81,10.228,0.985,1.839,5.9,-
Qatar,2018,"27,66,732","27,42,800","23,932",241,81,10.598,0.982,1.848,5.5,2
Qatar,2019,"28,07,235","27,84,440","22,795",244,81,10.743,0.991,1.834,5.2,1
Qatar,2020,"27,60,385","27,39,268","21,117",240,79,10.895,1.219,1.816,4.8,-2
Qatar,2021,"26,88,235","26,68,826","19,409",-,79,9.816,1.311,1.801,4.5,-3
Republic Of Congo,2017,-,-,-,16,64,33.025,6.924,4.433,35.7,-
Republic Of Congo,2018,"54,41,062","36,40,941","18,00,121",16,64,32.337,6.797,4.367,34.8,2
Republic Of Congo,2019,"55,70,733","37,53,170","18,17,563",16,63,31.676,7.388,4.296,35.9,2
Republic Of Congo,2020,"57,02,174","38,67,728","18,34,446",17,64,31.155,6.923,4.234,32.9,2
Republic Of Congo,2021,"58,35,806","39,84,863","18,50,943",-,64,30.691,7.063,4.171,32,2
Romania,2017,-,-,-,85,75,10.8,13.4,1.71,6.6,-
Romania,2018,"1,94,73,970","1,05,15,554","89,58,416",85,75,10.8,13.6,1.76,6.1,-1
Romania,2019,"1,93,71,648","1,04,76,962","88,94,686",84,76,10.3,13.4,1.77,5.8,-1
Romania,2020,"1,92,65,250","1,04,40,610","88,24,640",84,74,10.3,15.5,1.8,5.5,-1
Romania,2021,"1,91,19,880","1,03,87,640","87,32,240",-,73,9.3,17.5,1.8,5.3,-1
Russia,2017,-,-,-,9,72,11.5,12.4,1.621,5.6,-
Russia,2018,"14,44,77,859","10,75,39,205","3,69,38,654",9,73,10.9,12.5,1.579,5.1,0
Russia,2019,"14,44,06,261","10,77,08,298","3,66,97,963",9,73,10.1,12.3,1.504,4.7,0
Russia,2020,"14,40,73,139","10,77,00,434","3,63,72,705",9,71,9.8,14.6,1.505,4.4,0
Russia,2021,"14,34,49,286","10,74,92,288","3,59,56,998",-,69,9.6,16.7,1.493,4.1,0
Rwanda,2017,-,-,-,496,66,31.399,6.367,4.027,32.9,-
Rwanda,2018,"1,25,31,808","21,56,849","1,03,74,959",508,66,31.158,6.227,3.994,32.1,2
Rwanda,2019,"1,28,35,028","22,22,128","1,06,12,900",520,66,30.776,6.137,3.939,31.2,2
Rwanda,2020,"1,31,46,362","22,91,674","1,08,54,688",533,67,30.309,5.998,3.873,30.4,2
Rwanda,2021,"1,34,61,888","23,64,984","1,10,96,904",-,66,29.976,6.28,3.821,29.7,2
Samoa,2017,-,-,-,75,73,28.579,5.29,4.183,15.6,-
Samoa,2018,"2,09,701","38,256","1,71,445",75,73,28.222,5.297,4.109,15.3,1
Samoa,2019,"2,11,905","38,262","1,73,643",76,72,27.895,5.5,4.047,15,1
Samoa,2020,"2,14,929","38,449","1,76,480",77,73,27.622,5.305,3.997,14.7,1
Samoa,2021,"2,18,764","38,813","1,79,951",-,73,27.254,5.343,3.93,14.4,2
San Marino,2018,"34,156","33,209",947,569,-,6.8,7.1,-,1.7,0
San Marino,2019,"34,178","33,278",900,570,-,6.7,7.2,-,1.6,0
San Marino,2020,"34,007","33,156",851,567,-,6.4,9.9,-,1.6,-1
San Marino,2021,"33,745","32,942",803,-,-,6.2,9.1,-,1.5,-1
Sao Tome And Principe,2017,-,-,-,217,68,30.41,5.863,4.142,15.7,-
Sao Tome And Principe,2018,"2,11,344","1,53,865","57,479",220,68,29.535,5.879,4.044,14.5,2
Sao Tome And Principe,2019,"2,14,599","1,57,941","56,658",224,69,28.917,5.876,3.964,13.6,2
Sao Tome And Principe,2020,"2,18,641","1,62,568","56,073",228,68,28.435,6.294,3.893,12.8,2
Sao Tome And Principe,2021,"2,23,107","1,67,493","55,614",-,68,28.263,6.387,3.823,12.1,2
Saudi Arabia,2017,-,-,-,16,77,18.903,2.64,2.584,6.9,-
Saudi Arabia,2018,"3,50,18,133","2,93,60,603","56,57,530",16,77,18.703,2.655,2.546,6.6,2
Saudi Arabia,2019,"3,58,27,362","3,01,18,272","57,09,090",17,77,18.451,2.656,2.504,6.3,2
Saudi Arabia,2020,"3,59,97,107","3,03,40,882","56,56,225",17,76,18.238,2.913,2.465,6,0
Saudi Arabia,2021,"3,59,50,396","3,03,80,961","55,69,435",-,77,17.473,2.864,2.427,5.7,0
Senegal,2017,-,-,-,79,68,34.224,5.721,4.622,33,-
Senegal,2018,"1,55,74,909","73,50,111","82,24,798",81,68,33.955,5.579,4.584,31.9,3
Senegal,2019,"1,60,00,781","76,24,852","83,75,929",83,69,33.47,5.409,4.517,30.9,3
Senegal,2020,"1,64,36,120","79,09,390","85,26,730",85,68,33.034,5.584,4.454,30,3
Senegal,2021,"1,68,76,720","82,02,086","86,74,634",-,67,32.573,5.922,4.387,29.1,3
Serbia,2017,-,-,-,80,76,9.2,14.8,1.49,5.1,-
Serbia,2018,"69,82,604","39,16,682","30,65,922",80,76,9.2,14.6,1.49,5,-1
Serbia,2019,"69,45,235","39,07,389","30,37,846",79,76,9.3,14.6,1.52,4.9,-1
Serbia,2020,"68,99,126","38,94,281","30,04,845",79,74,8.9,16.9,1.48,4.8,-1
Serbia,2021,"68,34,326","38,71,714","29,62,612",-,73,9.1,20,1.48,4.7,-1
Seychelles,2017,-,-,-,208,74,17.2,7.8,2.41,12.6,-
Seychelles,2018,"96,762","54,855","41,907",210,73,17.1,8.4,2.41,12.5,1
Seychelles,2019,"97,625","55,762","41,863",212,74,16.4,8.1,2.36,12.4,1
Seychelles,2020,"98,462","56,661","41,801",214,77,15.8,6.8,2.29,12.2,1
Seychelles,2021,"99,258","57,542","41,716",-,73,16.8,9.3,2.46,12,1
Sierra Leone,2017,-,-,-,106,59,33.568,9.88,4.389,87.6,-
Sierra Leone,2018,"78,61,281","33,06,062","45,55,219",109,60,33.099,9.308,4.294,85.2,2
Sierra Leone,2019,"80,46,828","34,18,614","46,28,214",111,60,32.549,9.065,4.192,82.8,2
Sierra Leone,2020,"82,33,970","35,34,267","46,99,703",114,60,31.914,9.296,4.08,80.5,2
Sierra Leone,2021,"84,20,641","36,52,200","47,68,441",-,60,31.36,9.113,3.978,78.3,2
Singapore,2017,-,-,-,"7,882",83,8.9,5,1.16,2.2,-
Singapore,2018,"56,38,676","56,38,676",-,"7,897",83,8.8,5,1.14,2.1,0
Singapore,2019,"57,03,569","57,03,569",-,"7,966",84,8.8,5,1.14,2,1
Singapore,2020,"56,85,807","56,85,807",-,"7,919",84,8.5,5.2,1.1,1.8,0
Singapore,2021,"54,53,566","54,53,566",-,-,83,8.6,5.8,1.12,1.7,-4
Sint Maarten (Dutch Part),2017,-,-,-,"1,193",75,9,4.2,1.627,-,-
Sint Maarten (Dutch Part),2018,"40,895","40,895",-,"1,203",75,10.1,4,1.61,-,1
Sint Maarten (Dutch Part),2019,"41,608","41,608",-,"1,224",75,9.6,4.7,1.601,-,2
Sint Maarten (Dutch Part),2020,"42,310","42,310",-,"1,244",75,10,5.5,1.591,-,2
Sint Maarten (Dutch Part),2021,"42,846","42,846",-,-,74,10.5,6.4,1.581,-,1
Slovak Republic,2017,-,-,-,113,77,10.7,9.9,1.52,5,-
Slovak Republic,2018,"54,46,771","29,26,332","25,20,439",113,77,10.6,10,1.54,4.9,0
Slovak Republic,2019,"54,54,147","29,30,459","25,23,688",113,78,10.5,9.8,1.57,4.8,0
Slovak Republic,2020,"54,58,827","29,34,665","25,24,162",114,77,10.4,10.8,1.59,4.7,0
Slovak Republic,2021,"54,47,247","29,31,708","25,15,539",-,75,10.4,13.5,1.64,4.6,0
Slovenia,2017,-,-,-,103,81,9.8,9.9,1.62,2,-
Slovenia,2018,"20,73,894","11,31,123","9,42,771",103,81,9.4,9.9,1.6,1.9,0
Slovenia,2019,"20,88,385","11,44,894","9,43,491",104,82,9.3,9.9,1.61,1.9,1
Slovenia,2020,"21,02,419","11,58,811","9,43,608",104,81,8.9,11.4,1.59,1.8,1
Slovenia,2021,"21,08,079","11,68,445","9,39,634",-,81,9,11,1.64,1.8,0
Solomon Islands,2017,-,-,-,23,70,31.743,5.11,4.218,18.2,-
Solomon Islands,2018,"6,59,249","1,56,565","5,02,684",24,70,31.219,5.052,4.157,17.7,2
Solomon Islands,2019,"6,74,993","1,63,416","5,11,577",24,70,30.762,4.989,4.104,17.1,2
Solomon Islands,2020,"6,91,191","1,70,517","5,20,674",25,70,30.223,5.082,4.038,16.6,2
Solomon Islands,2021,"7,07,851","1,77,869","5,29,982",-,70,29.785,5.028,3.983,16.1,2
Somalia,2017,-,-,-,24,56,45.457,11.891,6.738,79.1,-
Somalia,2018,"1,54,11,094","69,30,523","84,80,571",25,56,44.992,11.444,6.632,77.1,4
Somalia,2019,"1,59,81,300","72,80,121","87,01,179",25,57,44.564,11.041,6.531,74.9,4
Somalia,2020,"1,65,37,016","76,30,345","89,06,671",26,56,44.007,11.39,6.417,72.9,3
Somalia,2021,"1,70,65,581","79,74,917","90,90,664",-,55,43.561,11.596,6.312,71.1,3
South Africa,2017,-,-,-,47,65,20.643,8.802,2.334,28.3,-
South Africa,2018,"5,73,39,635","3,80,47,715","1,92,91,920",47,66,21.137,8.765,2.418,27.8,1
South Africa,2019,"5,80,87,055","3,88,34,681","1,92,52,374",48,66,21.276,8.614,2.475,27.3,1
South Africa,2020,"5,88,01,927","3,96,05,450","1,91,96,477",48,65,20.326,9.425,2.401,26.9,1
South Africa,2021,"5,93,92,255","4,02,95,863","1,90,96,392",-,62,19.821,11.432,2.374,26.4,1
South Korea,2017,-,-,-,527,83,7,5.6,1.052,2.8,-
South Korea,2018,"5,15,85,058","4,20,20,672","95,64,386",529,83,6.4,5.8,0.977,2.8,0
South Korea,2019,"5,17,64,822","4,21,52,095","96,12,727",530,83,5.9,5.7,0.918,2.7,0
South Korea,2020,"5,18,36,239","4,22,01,956","96,34,283",531,83,5.3,5.9,0.837,2.6,0
South Korea,2021,"5,17,44,876","4,21,27,573","96,17,303",-,84,5.1,6.2,0.808,2.5,0
South Sudan,2017,-,-,-,17,55,32.651,11.01,4.775,63.8,-
South Sudan,2018,"1,03,95,329","20,39,044","83,56,285",16,56,30.147,10.584,4.696,63.8,-2
South Sudan,2019,"1,04,47,666","20,78,981","83,68,685",17,56,29.058,10.531,4.619,63.8,1
South Sudan,2020,"1,06,06,227","21,42,352","84,63,875",17,55,29.166,10.759,4.543,63.8,2
South Sudan,2021,"1,07,48,272","22,04,901","85,43,371",-,55,29.107,11.05,4.469,63.8,1
Spain,2017,-,-,-,93,83,8.4,9.1,1.31,2.7,-
Spain,2018,"4,67,97,754","3,75,88,424","92,09,330",94,83,7.9,9.1,1.26,2.7,0
Spain,2019,"4,71,34,837","3,79,74,181","91,60,656",94,84,7.6,8.8,1.23,2.7,1
Spain,2020,"4,73,65,655","3,82,76,186","90,89,469",95,82,7.2,10.4,1.19,2.6,0
Spain,2021,"4,74,15,750","3,84,33,310","89,82,440",-,83,7.1,9.5,1.19,2.6,0
Sri Lanka,2017,-,-,-,347,75,15.17,7.029,2.053,6.8,-
Sri Lanka,2018,"2,16,70,000","40,03,749","1,76,66,251",350,76,14.805,7.037,2.031,6.5,1
Sri Lanka,2019,"2,18,03,000","40,52,088","1,77,50,912",352,76,14.534,7.072,2.019,6.2,1
Sri Lanka,2020,"2,19,19,000","41,01,702","1,78,17,298",354,76,14.235,7.056,2,6,1
Sri Lanka,2021,"2,21,56,000","41,78,622","1,79,77,378",-,76,14.019,7.36,1.99,5.8,1
St. Kitts And Nevis,2017,-,-,-,184,72,13.211,9.443,1.61,13.6,-
St. Kitts And Nevis,2018,"47,761","14,699","33,062",184,71,12.942,9.83,1.587,13.3,0
St. Kitts And Nevis,2019,"47,712","14,695","33,017",184,72,12.693,9.91,1.568,13,0
St. Kitts And Nevis,2020,"47,642","14,694","32,948",183,72,12.418,10.036,1.55,12.6,0
St. Kitts And Nevis,2021,"47,606","14,713","32,893",-,72,12.125,10.181,1.531,12.3,0
St. Lucia,2017,-,-,-,290,73,12.114,7.968,1.448,20.7,-
St. Lucia,2018,"1,77,888","33,226","1,44,662",292,73,11.986,7.976,1.436,21.2,0
St. Lucia,2019,"1,78,583","33,491","1,45,092",293,73,11.834,8.068,1.424,21.7,0
St. Lucia,2020,"1,79,237","33,770","1,45,467",294,73,11.667,8.205,1.411,22.1,0
St. Lucia,2021,"1,79,651","34,026","1,45,625",-,71,11.49,10.299,1.399,22.4,0
St. Martin (French Part),2017,-,-,-,690,79,17.423,4.747,2.518,-,-
St. Martin (French Part),2018,"33,852",-,-,677,81,17.022,4.176,2.517,-,-2
St. Martin (French Part),2019,"33,121",-,-,662,80,16.483,4.661,2.485,-,-2
St. Martin (French Part),2020,"32,553",-,-,651,80,15.768,4.788,2.448,-,-2
St. Martin (French Part),2021,"31,948",-,-,-,80,15.053,4.911,2.415,-,-2
St. Vincent And The Grenadines,2017,-,-,-,271,74,14.269,8.592,1.932,14.3,-
St. Vincent And The Grenadines,2018,"1,05,281","54,955","50,326",270,74,13.708,8.906,1.873,13.9,0
St. Vincent And The Grenadines,2019,"1,04,924","55,205","49,719",269,73,13.346,10.1,1.838,13.4,0
St. Vincent And The Grenadines,2020,"1,04,632","55,488","49,144",268,72,13.071,11.038,1.814,13,0
St. Vincent And The Grenadines,2021,"1,04,332","55,768","48,564",-,70,12.901,13.425,1.797,12.6,0
Sudan,2017,-,-,-,22,65,35.669,6.728,4.761,43.1,-
Sudan,2018,"4,19,99,059","1,45,49,314","2,74,49,745",22,66,35.236,6.647,4.681,42,3
Sudan,2019,"4,32,32,093","1,51,03,564","2,81,28,529",23,66,34.823,6.586,4.617,41,3
Sudan,2020,"4,44,40,486","1,56,66,605","2,87,73,881",24,66,34.226,6.67,4.542,39.9,3
Sudan,2021,"4,56,57,202","1,62,50,768","2,94,06,434",-,65,33.596,6.799,4.457,38.9,3
Suriname,2017,-,-,-,4,72,18.758,6.672,2.443,17.3,-
Suriname,2018,"5,93,715","3,92,208","2,01,507",4,73,18.577,6.753,2.418,16.8,1
Suriname,2019,"6,00,301","3,96,769","2,03,532",4,72,18.409,7.06,2.394,16.3,1
Suriname,2020,"6,07,065","4,01,567","2,05,498",4,73,18.279,7.036,2.371,15.8,1
Suriname,2021,"6,12,985","4,05,913","2,07,072",-,70,18.154,8.667,2.348,15.4,1
Sweden,2017,-,-,-,25,82,11.5,9.1,1.78,2.3,-
Sweden,2018,"1,01,75,214","88,96,291","12,78,923",25,83,11.4,9.1,1.76,2.2,1
Sweden,2019,"1,02,78,887","90,15,406","12,63,481",25,83,11.1,8.6,1.71,2.1,1
Sweden,2020,"1,03,53,442","91,08,648","12,44,794",25,82,10.9,9.5,1.67,2.1,1
Sweden,2021,"1,04,15,811","91,90,703","12,25,108",-,83,11,8.8,1.67,2,1
Switzerland,2017,-,-,-,214,84,10.3,7.9,1.52,3.6,-
Switzerland,2018,"85,14,329","62,83,319","22,31,010",215,84,10.3,7.9,1.52,3.6,1
Switzerland,2019,"85,75,280","63,32,759","22,42,521",217,84,10,7.9,1.48,3.5,1
Switzerland,2020,"86,38,167","63,84,901","22,53,266",219,83,9.9,8.8,1.46,3.4,1
Switzerland,2021,"87,03,405","64,40,172","22,63,233",-,84,10.3,8.2,1.52,3.4,1
Syrian Arab Republic,2017,-,-,-,103,68,18.568,6.033,2.939,19.1,-
Syrian Arab Republic,2018,"1,93,33,463","1,04,71,390","88,62,073",105,70,18.155,5.554,2.886,19.2,2
Syrian Arab Republic,2019,"2,00,98,251","1,10,18,062","90,80,189",109,72,18.883,5.033,2.835,18.8,4
Syrian Arab Republic,2020,"2,07,72,595","1,15,23,597","92,48,998",113,72,19.67,4.99,2.798,18.8,3
Syrian Arab Republic,2021,"2,13,24,367","1,19,68,088","93,56,279",-,72,20.111,5.117,2.747,18.4,3
Tajikistan,2017,-,-,-,64,70,28.932,5.172,3.29,31,-
Tajikistan,2018,"91,28,132","24,76,827","66,51,305",66,70,28.688,5.014,3.294,30.2,2
Tajikistan,2019,"93,37,003","25,49,842","67,87,161",67,71,28.267,4.843,3.281,29.4,2
Tajikistan,2020,"95,43,207","26,24,955","69,18,252",69,68,27.53,6.121,3.237,28.5,2
Tajikistan,2021,"97,50,064","27,03,303","70,46,761",-,72,26.749,4.548,3.186,27.6,2
Tanzania,2017,-,-,-,64,66,38.058,6.402,4.993,38.2,-
Tanzania,2018,"5,80,90,443","1,96,20,628","3,84,69,815",66,67,37.525,6.177,4.923,36.8,3
Tanzania,2019,"5,98,72,579","2,06,56,040","3,92,16,539",68,67,37.113,6.012,4.864,35.9,3
Tanzania,2020,"6,17,04,518","2,17,36,651","3,99,67,867",70,66,36.651,6.179,4.795,34.9,3
Tanzania,2021,"6,35,88,334","2,28,62,550","4,07,25,784",-,66,36.21,6.222,4.726,34.1,3
Thailand,2017,-,-,-,139,78,9.98,6.897,1.41,8.4,-
Thailand,2018,"7,11,27,802","3,55,27,626","3,56,00,176",139,79,9.662,7.027,1.378,8.1,0
Thailand,2019,"7,13,07,763","3,61,47,331","3,51,60,432",140,79,9.377,7.14,1.352,7.7,0
Thailand,2020,"7,14,75,664","3,67,59,934","3,47,15,730",140,79,9.182,7.264,1.341,7.4,0
Thailand,2021,"7,16,01,103","3,73,49,283","3,42,51,820",-,79,8.999,7.922,1.331,7.1,0
Timor-Leste,2017,-,-,-,84,68,26.487,7.163,3.596,48.6,-
Timor-Leste,2018,"12,61,845","3,85,847","8,75,998",85,68,25.921,7.012,3.452,47.1,1
Timor-Leste,2019,"12,80,438","3,96,257","8,84,181",86,68,25.511,6.888,3.336,45.7,1
Timor-Leste,2020,"12,99,995","4,07,158","8,92,837",87,68,25.258,6.831,3.247,44.3,2
Timor-Leste,2021,"13,20,942","4,18,673","9,02,269",-,68,24.944,7.233,3.149,43.1,2
Togo,2017,-,-,-,144,60,33.656,8.803,4.503,48.2,-
Togo,2018,"80,46,679","33,55,626","46,91,053",148,60,33.186,8.766,4.442,46.8,2
Togo,2019,"82,43,094","34,82,542","47,60,552",152,61,32.756,8.465,4.385,45.6,2
Togo,2020,"84,42,580","36,13,424","48,29,156",155,61,32.302,8.417,4.323,44.5,2
Togo,2021,"86,44,829","37,48,225","48,96,604",-,62,31.856,8.168,4.257,43.4,2
Tonga,2017,-,-,-,146,71,24.015,6.855,3.407,10.4,-
Tonga,2018,"1,05,150","24,322","80,828",146,71,23.625,6.888,3.349,10.2,0
Tonga,2019,"1,04,951","24,251","80,700",146,71,23.424,6.909,3.315,10.1,0
Tonga,2020,"1,05,254","24,313","80,941",146,71,23.139,6.946,3.267,9.8,0
Tonga,2021,"1,06,017","24,494","81,523",-,71,23.045,6.97,3.237,9.6,1
Trinidad And Tobago,2017,-,-,-,288,74,12.909,7.386,1.662,16.5,-
Trinidad And Tobago,2018,"15,04,709","8,00,264","7,04,445",293,74,12.557,7.783,1.651,16,2
Trinidad And Tobago,2019,"15,19,955","8,08,418","7,11,537",296,74,12.359,7.701,1.643,15.5,1
Trinidad And Tobago,2020,"15,18,147","8,07,867","7,10,280",296,74,11.946,7.9,1.631,15,0
Trinidad And Tobago,2021,"15,25,663","8,12,644","7,13,019",-,73,11.687,9.131,1.626,14.6,0
Tunisia,2017,-,-,-,76,76,18.399,5.974,2.221,14.7,-
Tunisia,2018,"1,19,33,041","82,27,235","37,05,806",77,76,17.737,6.04,2.174,14.6,1
Tunisia,2019,"1,20,49,314","83,44,632","37,04,682",78,76,17.215,6.145,2.148,14.5,1
Tunisia,2020,"1,21,61,723","84,60,667","37,01,056",78,75,16.628,6.752,2.114,14.3,1
Tunisia,2021,"1,22,62,946","85,70,328","36,92,618",-,74,16.093,7.884,2.086,14,1
Turkey,2017,-,-,-,107,77,17.368,5.129,2.14,9.8,-
Turkey,2018,"8,28,09,304","6,22,25,395","2,05,83,909",108,78,16.481,5.065,2.054,9.2,1
Turkey,2019,"8,34,81,684","6,31,37,198","2,03,44,486",108,78,15.594,5.084,1.967,8.6,1
Turkey,2020,"8,41,35,428","6,40,31,267","2,01,04,161",109,76,15.033,6.378,1.917,8.1,1
Turkey,2021,"8,47,75,404","6,49,11,679","1,98,63,725",-,76,14.678,6.398,1.889,7.7,1
Turkmenistan,2017,-,-,-,13,69,24.648,6.537,2.836,37.2,-
Turkmenistan,2018,"60,65,066","31,29,150","29,35,916",13,69,23.845,6.639,2.786,37.2,2
Turkmenistan,2019,"61,58,420","32,05,334","29,53,086",13,69,23.055,6.583,2.74,36.9,2
Turkmenistan,2020,"62,50,438","32,82,480","29,67,958",13,69,22.294,6.836,2.701,36.5,1
Turkmenistan,2021,"63,41,855","33,61,056","29,80,799",-,69,21.592,6.585,2.667,35.8,1
Turks And Caicos Islands,2017,-,-,-,42,77,13.308,7.328,1.741,4.2,-
Turks And Caicos Islands,2018,"41,487","38,624","2,863",44,76,13.13,7.651,1.723,4.1,4
Turks And Caicos Islands,2019,"43,080","40,219","2,861",45,75,12.849,8.458,1.692,4,4
Turks And Caicos Islands,2020,"44,276","41,445","2,831",47,75,12.685,8.823,1.679,3.9,3
Turks And Caicos Islands,2021,"45,114","42,332","2,782",-,75,12.476,9.241,1.669,3.8,2
Tuvalu,2017,-,-,-,361,64,22.999,10.082,3.186,20.6,-
Tuvalu,2018,"10,865","6,778","4,087",362,64,23.508,10.107,3.209,20,0
Tuvalu,2019,"10,956","6,926","4,030",365,64,23.619,10.161,3.199,19.3,1
Tuvalu,2020,"11,069","7,086","3,983",369,64,23.632,10.188,3.188,18.7,1
Tuvalu,2021,"11,204","7,259","3,945",-,65,23.484,10.159,3.163,18.1,1
UAE,2017,-,-,-,128,80,10.62,1.202,1.419,6.2,-
UAE,2018,"91,40,169","79,08,257","12,31,912",129,80,10.049,1.324,1.356,6,1
UAE,2019,"92,11,657","79,94,705","12,16,952",130,80,9.75,1.471,1.334,5.8,1
UAE,2020,"92,87,289","80,84,399","12,02,890",131,79,10.62,1.766,1.46,5.6,1
UAE,2021,"93,65,145","81,75,678","11,89,467",-,79,10.307,1.874,1.46,5.4,1
Uganda,2017,-,-,-,200,62,38.343,6.169,5.052,36,-
Uganda,2018,"4,15,15,395","98,69,870","3,16,45,525",207,63,38.062,5.939,4.932,34.4,3
Uganda,2019,"4,29,49,080","1,04,62,825","3,24,86,255",214,63,37.667,5.823,4.809,33.2,3
Uganda,2020,"4,44,04,611","1,10,80,727","3,33,23,884",221,63,37.252,5.852,4.693,32.1,3
Uganda,2021,"4,58,53,778","1,17,17,016","3,41,36,762",-,63,36.795,5.877,4.585,31.2,3
Ukraine,2017,-,-,-,77,72,9.4,14.5,1.374,7.6,-
Ukraine,2018,"4,46,22,518","3,09,46,609","1,36,75,909",77,72,8.7,14.8,1.301,7.4,0
Ukraine,2019,"4,43,86,203","3,08,36,427","1,35,49,776",77,72,8.1,14.7,1.228,7.3,-1
Ukraine,2020,"4,41,32,049","3,07,19,437","1,34,12,612",76,71,7.8,15.9,1.217,7.1,-1
Ukraine,2021,"4,37,92,855","3,05,48,582","1,32,44,273",-,70,7.3,18.5,1.16,7,-1
United Kingdom,2017,-,-,-,273,81,11.4,9.2,1.74,3.8,-
United Kingdom,2018,"6,64,60,344","5,54,26,598","1,10,33,746",275,81,11,9.2,1.68,3.8,1
United Kingdom,2019,"6,68,36,327","5,59,09,924","1,09,26,403",276,81,10.7,9,1.63,3.8,1
United Kingdom,2020,"6,70,81,234","5,62,83,168","1,07,98,066",277,80,10.1,10.1,1.56,3.7,0
United Kingdom,2021,"6,70,26,300","5,64,03,972","1,06,22,328",-,81,10.1,9.7,1.56,3.7,0
United States,2017,-,-,-,36,79,11.8,8.638,1.766,5.7,-
United States,2018,"32,68,38,199","26,88,44,029","5,79,94,170",36,79,11.6,8.678,1.73,5.6,1
United States,2019,"32,83,29,953","27,07,37,596","5,75,92,357",36,79,11.4,8.7,1.706,5.5,0
United States,2020,"33,15,11,512","27,40,40,676","5,74,70,836",36,77,10.9,10.3,1.642,5.4,1
United States,2021,"33,20,31,554","27,51,64,510","5,68,67,044",-,76,11,10.4,1.664,5.4,0
Uruguay,2017,-,-,-,20,78,12.579,9.724,1.796,6.8,-
Uruguay,2018,"34,27,042","32,67,136","1,59,906",20,78,11.605,9.863,1.658,6.3,0
Uruguay,2019,"34,28,409","32,71,594","1,56,815",20,78,10.822,10.057,1.546,5.8,0
Uruguay,2020,"34,29,086","32,75,291","1,53,795",20,78,10.339,9.432,1.477,5.4,0
Uruguay,2021,"34,26,260","32,75,607","1,50,653",-,75,10.473,12.162,1.493,5,0
Uzbekistan,2017,-,-,-,74,71,22.1,5,2.419,15.2,-
Uzbekistan,2018,"3,29,56,100","1,66,35,580","1,63,20,520",75,71,23.3,4.7,2.604,14.4,2
Uzbekistan,2019,"3,35,80,350","1,69,35,578","1,66,44,772",76,71,24.3,4.6,2.785,13.8,2
Uzbekistan,2020,"3,42,32,050","1,72,58,430","1,69,73,620",78,70,24.6,5.1,2.904,13.2,2
Uzbekistan,2021,"3,49,15,100","1,76,06,637","1,73,08,463",-,71,25.9,5,3.173,12.6,2
Vanuatu,2017,-,-,-,24,70,31.484,5.829,3.91,21.9,-
Vanuatu,2018,"2,97,298","75,139","2,22,159",24,70,30.889,5.739,3.855,21.4,2
Vanuatu,2019,"3,04,404","77,300","2,27,104",25,70,30.4,5.663,3.813,20.9,2
Vanuatu,2020,"3,11,685","79,558","2,32,127",26,70,29.939,5.487,3.778,20.3,2
Vanuatu,2021,"3,19,137","81,907","2,37,230",-,70,29.438,5.395,3.735,19.7,2
Venezuela,2017,-,-,-,35,72,18.502,6.735,2.294,21.1,-
Venezuela,2018,"2,98,25,653","2,63,08,612","35,17,041",34,72,17.832,6.864,2.272,21.1,-2
Venezuela,2019,"2,89,71,683","2,55,64,613","34,07,070",33,72,16.888,7.017,2.25,21.1,-3
Venezuela,2020,"2,84,90,453","2,51,51,087","33,39,366",32,71,16.213,7.575,2.23,21.1,-2
Venezuela,2021,"2,81,99,867","2,49,07,533","32,92,334",-,71,15.877,8.124,2.211,21.1,-1
Vietnam,2017,-,-,-,300,74,16.1,6.577,1.93,17.1,-
Vietnam,2018,"9,49,14,330","3,40,92,278","6,08,22,052",303,74,15.873,6.663,1.937,17,1
Vietnam,2019,"9,57,76,716","3,50,81,096","6,06,95,620",306,74,15.663,6.706,1.948,16.8,1
Vietnam,2020,"9,66,48,685","3,60,88,619","6,05,60,066",308,75,15.4,6.169,1.955,16.6,1
Vietnam,2021,"9,74,68,029","3,70,88,534","6,03,79,495",-,74,15.008,7.317,1.944,16.4,1
Virgin Islands (U.S.),2017,-,-,-,307,79,12.8,7.7,2.08,-,-
Virgin Islands (U.S.),2018,"1,07,001","1,02,422","4,579",306,80,12.6,7.9,2.06,-,0
Virgin Islands (U.S.),2019,"1,06,669","1,02,223","4,446",305,80,12.3,8.2,2.05,-,0
Virgin Islands (U.S.),2020,"1,06,290","1,01,974","4,316",304,80,12.1,8.4,2.03,-,0
Virgin Islands (U.S.),2021,"1,05,870","1,01,678","4,192",-,80,11.8,8.6,2.01,-,0
West Bank And Gaza,2017,-,-,-,740,75,30.973,3.26,3.807,14.7,-
West Bank And Gaza,2018,"45,69,087","34,79,999","10,89,088",759,75,30.126,3.317,3.712,14.1,3
West Bank And Gaza,2019,"46,85,306","35,81,448","11,03,858",778,75,29.466,3.225,3.642,13.7,3
West Bank And Gaza,2020,"48,03,269","36,85,020","11,18,249",798,74,28.8,3.489,3.57,13.2,2
West Bank And Gaza,2021,"49,22,749","37,90,664","11,32,085",-,73,28.236,3.815,3.504,12.8,2
Yemen,2017,-,-,-,57,66,32.713,6.082,4.112,46,-
Yemen,2018,"3,07,90,513","1,12,82,260","1,95,08,253",58,65,32.305,6.629,4.043,46.6,2
Yemen,2019,"3,15,46,691","1,17,58,398","1,97,88,293",60,65,31.778,6.416,3.963,46.5,2
Yemen,2020,"3,22,84,046","1,22,38,236","2,00,45,810",61,65,31.252,6.509,3.886,45.8,2
Yemen,2021,"3,29,81,641","1,27,13,103","2,02,68,538",-,64,30.544,6.845,3.795,46.7,2
Zambia,2017,-,-,-,23,62,36.601,6.809,4.614,44.2,-
Zambia,2018,"1,78,35,893","77,62,359","1,00,73,534",24,62,36.04,6.748,4.536,43.6,3
Zambia,2019,"1,83,80,477","81,00,644","1,02,79,833",25,63,35.462,6.571,4.451,42.4,3
Zambia,2020,"1,89,27,715","84,47,250","1,04,80,465",25,62,34.953,6.602,4.379,41.1,3
Zambia,2021,"1,94,73,125","88,00,295","1,06,72,830",-,61,34.511,6.973,4.308,40.2,3
Zimbabwe,2017,-,-,-,38,61,32.516,8.266,3.706,39.5,-
Zimbabwe,2018,"1,50,52,184","48,48,158","1,02,04,026",39,61,32.074,7.972,3.659,38,2
Zimbabwe,2019,"1,53,54,608","49,45,719","1,04,08,889",40,61,31.518,8.043,3.599,37.1,2
Zimbabwe,2020,"1,56,69,666","50,52,214","1,06,17,452",41,61,31.009,8.132,3.545,36.6,2
Zimbabwe,2021,"1,59,93,524","51,66,388","1,08,27,136",-,59,30.537,9.057,3.491,35.7,2
